# Resource object code (Python 3)
# Created by: object code
# Created by: The Resource Compiler for Qt version 6.10.0
# WARNING! All changes made in this file will be lost!

from PySide6 import QtCore

qt_resource_data = b"\
\x00\x00(7\
\x89\
PNG\x0d\x0a\x1a\x0a\x00\x00\x00\x0dIHDR\x00\
\x00\x02\x00\x00\x00\x02\x00\x08\x06\x00\x00\x00\xf4x\xd4\xfa\
\x00\x00\x00\x09pHYs\x00\x01g\xf3\x00\x01g\xf3\
\x011m\x07X\x00\x00\x00\x19tEXtSof\
tware\x00www.inksca\
pe.org\x9b\xee<\x1a\x00\x00 \x00ID\
ATx\x9c\xed\xddy\x94\xddu}\xff\xf1\xe7\xf7\xce\
\xc2\x16!\x09\xb8\x81R67\x10\xd0\x82\xb6\x04\x5c\x86\
df\x12\x96\xc65j\x15W\xc0C\xdd\x97\x1e\xfb\xb3\
\xf5W\xb4\xb5\xbf\xa3V@\xdaZE\x81\x16\xb5\x15\xb0\
\xb8\x10cf&\x18\xaa,\x15\x91\x82 \x08*\xb2\xc8\
&d!\x08!3\x99\xfb\xf9\xfd1#\xb2d\x92Y\
\xee\x9d\xf7\xe7\xfb\xfd>\x1f\xe7p8\x82\x7f<sC\
\xe6\xf3\xba\xdf{\xef\xf7\x82$I\x92$I\x92$I\
\x92$I\x92$I\x92$I\x92$I\x92$I\x92\
$I\x92$I\x92$I\x92$I\x92$I\x92$\
I\x92$I\x92$I\x92$I\x92$I\x92$I\
\x92$I\x92$I\x92$I\x92$I\x92$I\x92\
$I\x92$I\x92$I\x92$I\x92$I\x92$\
I\x92$I\x92$I\x92$I\x92$I\x92$I\
\x92$I\x92$\xa9\xb2\x8a\xe8\x00I-\x90(\xb8\x98\
]y\x98]i0\x07\x80\x06O\xa2\xa0\x93&\x0d`\
\x97\xf1\xff\xe7\xf6$v\x18\xff\xf7;\x93H$\x1e\x00\
\xa0`#\xf0\xf0\xf8\xff\xef~\x1a4Il\xa69\xfe\
\xef\x9b\xfc\x8e\xedY\xc3\xcbYCA\x9a\xbd_\x9c\xa4\
vp\x00H\xb9Z\xc1\xcet\xb3\x17M\xf6\x22\xf1d\
\x1a<\x99\xc4n\xc0\xae\x8f\xfcU\xb0+\xe9\x91\xff=\
[\x7f\x9e\x13\xb0\x86\x825$\xee\x03\xd6\x00kH\xac\
\xa1\xe0\xbe\xf1\x7f\xf6[\x1a\xdc\xc2C\xdc\xc2\xd2\xf1\x01\
!)+\x0e\x00)\xca\x0a\xb6\xa3\x9b=\x80}\x18e\
\x1f\x0a\xf6\x01\xf6\x01v\x07\x9e\x0e\xecM5\xfe\x8c\xae\
\x03\xee\x22q'\x0dn&q3\x8c\xff\xfdanr\
 H1\xaa\xf0\xc3E\xca\xdbyt3\x97\xfd\x81\x03\
)8\x90\xc4\xc1\xc0\xf3\x19;\xe8\x05w\x00\xd7\x01\xd7\
\x00\xd7\xd2\xe4Z6p\x03\xcb\x18\x0e\xee\x92*\xcd\x01\
 \xb5\xd2 \xbb\xd3`\x7f\x9a\x1c\x00\x1c\x02\xec\x0f\x1c\
\x00l\x1f\x1bV:\x9b\x81\xdb(\xb8\x9e&?\xa1\xe0\
g4\xb9\x9e~\xae\xf7\xfd\x07Rk8\x00\xa4\xe9Z\
M'\xc3\x1cL\xc1\x11\x8c\x1d\xf6/\x03\xf6\x0c\xae\xaa\
\xba{(\xf81\x89K(\xb8\x94N\xae\xa4\xe7\x917\
.J\x9a\x02\x07\x804Yco\xca{1\xa3\x1c\x01\
\x1cN\xc1\xe10\xfe\x8ezE\x19\x01~\x0a\x5c\x0a\x5c\
B\x17\xab\xe9\xe1\xbe\xe0&\xa9\x14\x1c\x00\xd2DV3\
\x97\x11zI\xf4\x8e?\xcb\x7f.\xfe\x99\xc9]\x02n\
\xa0\xe0\x12`\x10XE/\xf7\x077IY\xf2\x87\x99\
\xf4h+9\x80\x06\xc7\x90XD\xc1K\x81\xee\xe8$\
\xcd\xc8(p5\x89\xe5\xc0\x85\xf4q\x95\xef!\x90\xc6\
8\x00To+\x99O\x83\x85\x14,\x22q4\xb0G\
t\x92\xda\xea^\xe0b\x0a\x96\xb3\x89\x0b9\x86u\xd1\
AR\x14\x07\x80\xea\xe7{\xecE\x07\xcbH\xbc\x82\x82\
\x17\x03\x1d\xd1I\x0a1\x0a\xfc\x0f\x05\xdf\xa2\xc1\xf9,\
\xe4\xd6\xe8 i69\x00T\x0f+x\x06\x9d\xbc\x1a\
x-\xb0\x00\xff\xdb\xd7\x13]O\xe2|:8\x87E\
\xdc\x1c\x1d#\xb5\x9b?\x04U]\xab\xd9\x8da^E\
\xc1\x9b\xf1\xd0\xd7\xe45\x81\xcb\x81\xf3\x81\xf3\xe9\xe3\xce\
\xe0\x1e\xa9-\xfc\x81\xa8jY\xc1\x93\xe9d\x19\xb0\x0c\
8\x02h\x04\x17\xa9\xdcF\x81\x1f\x02\xe7\xd2\xe0|\x16\
\xb1&:Hj\x15\x07\x80\xca\xefd\x1a\x1c\xc1\x914\
y3\xf0\x1a\xfcl\xbe\xdac\x18\xf86\x0d\xce`!\
\x17\xf9i\x02\x95\x9d\x03@\xe5\xb5\x9a\xa71\xc2[H\
\x9c@\xc1\xbe\xd19\xaa\x95\xdb\x81\xff \xf1/\xf4s\
{t\x8c4\x1d\x0e\x00\x95\xcb\x1f\x9e\xed\x9f\x08\xbc\x02\
\xe8\x8aNR\xad\x8d\x92XM\xc1\x19t\xf1Mz\xd8\
\x1c\x1d$M\x96\x03@\xe50\xc8\xee$N\xa4\xe0\xed\
\xc03\xa3s\xa4-\xb8\x8d\x82\xb3\x18\xe5\x0c\x16sW\
t\x8c\xb4-\x0e\x00\xe5m\x15\x07\x91x\x17\x897\xe3\
7\xea\xa9\x1c\x86\x81s)\xf8\x0c\xbd\x5c\x1b\x1d#M\
\xc4\x01\xa0<\x0dq\x04\xf0\x91\xf1\xbb\xf3\xf9\xdf\xa9\xca\
\xeaR\x12\x9f\xa2\x8f\xe5\xbeiP\xb9\xf1\x07\xab\xf2q\
\x1e\xdd\xcc\xe3\xf5$>\x0c\x1c\x18\x9d#\xb5L\xe2\xa7\
\xc0\xbf\xd0\xcd9~}\xb1r\xe1\x00P\xbc\x15\xecL\
'o\x03>\x0c<#:Gj\x9b\xc4\xdd\xc0\x17I\
\x9c\xceb\xd6F\xe7\xa8\xde\x1c\x00\x8a\xb3\x9cyt\xf3\
a\xe0\xbd\xc0\x9c\xe8\x1ci\x16m\x00>G\x17\xa7\xd0\
\xc3\xfa\xe8\x18\xd5\x93\x03@\xb3o5s\x18\xe1]\xc0\
_\x01s\xa3s\xa40\x05\x0f\x90\xf8<\x05\xff\x8f^\
\xee\x8f\xceQ\xbd8\x004{\x06\xd8\x89\x82\xe3\x81\x8f\
\x02O\x89\xce\x912\xb2\x86\xc4?\xf30\x9fe)\x0f\
D\xc7\xa8\x1e\x1c\x00j\xbf\xf3\xe8f\x17\xdeJ\xc1\xc9\
\xc0\xd3\xa3s\xa4\x8c\xdd\x0b|\x969\x9c\xce\x026F\
\xc7\xa8\xda\x1c\x00j\x9f\xf3\xe8f.'0\xf6\x8c\x7f\
\xf7\xe8\x1c\xa9D~\x03|\x92\xf9\x9c\xc9\xa1\x8cD\xc7\
\xa8\x9a\x1c\x00j\x8fU,\xa2\xc9\xe9\xc0\xf3\xa2S\xa4\
\x12\xfb\x05\xf0\xd7\xf4q~t\x88\xaa\xc7\x01\xa0\xd6\x1a\
\xe0\xb9\x14\x9c\x02,\x89N\x91*\xe4\x22\x0a>\xe0\x9d\
\x05\xd5J\x0e\x00\xb5\xc6J\xe6\xd3\xe0o\x81\xbf\x00:\
\xa3s\xa4\x0a\xdaL\xc1Y\x8c\xf07\x1c\xc5\xbd\xd11\
*?\x07\x80f\xe6J\xbaX\xc3\xdb(\xf8$\xb0[\
t\x8eT\x03\xeb\x80O\xb1\x9eSY\xc6pt\x8c\xca\
\xcb\x01\xa0\xe9\x1b{\x9d\xffT\xe0\xf9\xd1)R\xed\x14\
\xdc\x08|\x88^\xbe\x1b\x9d\xa2rr\x00h\xeaV\xf0\
\x0c:\xf9<plt\x8a$\xbe\x09\xbc\x9b>\xee\x8c\
\x0eQ\xb9tD\x07\xa8D\x12\x05\x0b8\x91\x0e\xbe\x05\
\x1c\x14\x9d#\x09\x18\xfb\xa4\xcd\xf1\x1c\xc7F\xf6\xe5\xc7\
\x5c\xec\xb7\x0ejr\xbc\x02\xa0\xc9Y\xc9~tp\x06\
\x89\x9e\xe8\x14I\x13\xba\x84\xc4\x09\xf4\xf3\xf3\xe8\x10\xe5\
\xcf\x01\xa0\xad[M'#|\x08\xf88\xb0]t\x8e\
\xa4mz\x98\xc4\xa7\xb8\x9f\x7f\xf0M\x82\xda\x1a\x07\x80\
&6\xc4\x0b\x81/\x93\xf8\xe3\xe8\x14ISv-M\
\x8eg1WD\x87(O\x0e\x00=\xd1\xd8\x97\xf6|\
\x12x7\xbeOD*\xb3Q\xe0sl\xe2c\x1c\xcb\
C\xd11\xca\x8b\x03@\x8f5\xc8\xa1\xc0\xd7\x80gG\
\xa7Hj\x99\x9f\xd3\xe4\x8d,\xe6\xaa\xe8\x10\xe5\xc3\x01\
\xa01\x89\x82!\xde\x0b|\x1a\xe8\x8e\xce\x91\xd4r\x9b\
I|\x92\xfb\xf9;\x961\x1a\x1d\xa3x\x0e\x00\xc1\x10\
{\x928\x07xYt\x8a\xa46+X\xcd\x08o\xe6\
(~\x13\x9d\xa2X\x8d\xe8\x00\x05\x1b\xe05$\xfe\x17\
\x0f\x7f\xa9\x1e\x12=tr\x1dC\xfcyt\x8aby\
\x05\xa0\xaeV\xb03]|\x86\xc4\x89\xd1)\x92\xc2|\
\x85\x8d\xbc\x8b\xa5<\x10\x1d\xa2\xd9\xe7\x00\xa8\xa3\x01\x16\
P\xf0U`\xef\xe8\x14I\xe1~I\xe2M\xf4\xf3\xa3\
\xe8\x10\xcd._\x02\xa8\x9b\x01N\xa4\xe0b<\xfc%\
\x8d\xd9\x8f\x82K\x18\xe4#\xd1!\x9a]^\x01\xa8\x8b\
\xd5\xcca3_&\xf1\xba\xe8\x14I\xd9\xfa\xcf\xf1[\
\x09?\x18\x1d\xa2\xf6s\x00\xd4\xc1J\xf6\xa3\xc1\x05\xc0\
\x81\xd1)\x922\x97\xf8)\x9d\xbc\x8a\x85\xfc*:E\
\xed\xe5K\x00U7\xc4\xd14\xf81\x1e\xfe\x92&\xa3\
\xe0 F\xb9\x8aA^\x19\x9d\xa2\xf6\xf26\xafU\x95\
(8\x9c\x8f\x00_\x06v\x88\xce\x91T*\xdb\x01\xcb\
8\x8e\x1d\xd8\x97\xef\xfb\x15\xc3\xd5\xe4K\x00U\xb4\x92\
\xf9\x14|\x8d\x82\xc5\xd1)\x92Jo\x05\xc3\xbc\x89c\
X\x17\x1d\xa2\xd6r\x00T\xcdJ\x0e\xa0\xc1\x85\xf8.\
\x7fI\xad\x92\xf8\x15\x0d\x8e\xa5\x97\x1b\xa2S\xd4:\xbe\
\x07\xa0J\x06YH\x83K\xf0\xf0\x97\xd4J\x05\xfb\x92\
\xb8\x8c\x95\xf4D\xa7\xa8u\x1c\x00U1\xc8[\x81\xef\
\x01s\x83K$U\xd3\x5c\x1a\x0c2\xe0\xddC\xab\xc2\
\x01Pv\x89\x82\x01N\x06\xce\x06\xba\x82k$U[\
'\x05_d\x90\xcf\x91|\x09\xb9\xec\xfc\x0d,\xb3\xf3\
\xe8f.g\x02o\x8aN\x91T;\xe7\xd1\xc5[\xe8\
\xe1\xe1\xe8\x10M\x8f\x03\xa0\xac\x963\x8fn.\x00^\
\x1e\x9d\x22\xa9\xb6.\xa5\x8bW\xd0\xc3}\xd1!\x9a:\
\x07@\x19\x0d\xb07\x05+\x80\xe7F\xa7H\xaa\xbd_\
\x02G\xd1\xc7/\xa2C45\x0e\x80\xb2\x19\xe2\x85$\
V\x02O\x89N\x91\xa4q\xf7\xd0\xa4\x9f\xc5\x5c\x13\x1d\
\xa2\xc9\xf3M\x80e\xb2\x8a\x17\x91X\x85\x87\xbf\xa4\xbc\
<\x95\x06\x17\xb3\x8a\xc3\xa2C4y\x0e\x80\xb2\x18\xe0\
\xa5$.\x02\xe6G\xa7H\xd2\x16\xcc\xa5\xc9\x10\x83,\
\x8c\x0e\xd1\xe48\x00\xca`\x80%\x14\xac$\xf1\xa4\xe8\
\x14I\xda\x8a\x9d\x80\xef\xb0\xca\xdb\x90\x97\x81\x03 w\
\x03\x1cK\xc17\xf1\x0b}$\x95\xc3\x8e4\xf96C\
\xbc::D[\xe7\x00\xc8\xd9 o\xa0\xe0\x02\xc6\xbe\
\x99K\x92\xca\xa2\x9b\xc4\xb9\x0c\xf0\x96\xe8\x10M\xcc\x01\
\x90\xab\xb1\xdbm~\x15\xe8\x8cN\x91\xa4i\xe8\xa0\xe0\
l\x86xwt\x88\xb6\xcc\x01\x90\xa3A\xdeG\xc1\x17\
\xf0\xf7GR\xb9\x15$Ng\x88\xf7D\x87\xe8\x89\xbc\
\x0f@n\x86x\x1b\x893\xf1\xf7FRu$\xe0$\
\xfa\xf8bt\x88\xfe\xc0C&'\x83\xbc\x09\xf8w|\
\xe6/\xa9z\x9a$\xdeL?_\x8b\x0e\xd1\x18\x07@\
.\x06x\x05\x05\xe7\xe3k\xfe\x92\xaak\x14x\x03}\
\x9c\x1f\x1d\x22\x07@\x1e\x06\xe9\x03\xbe\x83\xef\xf6\x97T\
}\xc3\xc0+\xe9cEtH\xdd9\x00\xa2\x0dr8\
0\xc0\xd8\x0d4$\xa9\x0e6Rp\x14\xbd\x5c\x1c\x1d\
Rg\x0e\x80H\x03\xfc\x09\x0d\x86\xbc\xc3\x9f\xa4\x1a\xda\
@\x93^\x16sEtH]9\x00\xa2\xac\xe4`\x1a\
|\x1f\xef\xed/\xa9\xbe\xd6\xd3d!\x8b\xb9*:\xa4\
\x8e\x1c\x00\x11V\xb1\x0fM.\xc7o\xf5\x93Tw\x89\
\xbbir\x18K\xb8%:\xa5n\xfc\xb8\xd9l[\xc9\
|\x12+\xf0\xf0\x97$(x\x1a\x1d\xac`9\xf3\xa2\
S\xea\xc6\x010\x9b\xae\xa4\x8b\x06\xe7\x93xNt\x8a\
$e\xe4yt\xf3MV\xf8I\xa8\xd9\xe4\x00\x98-\
\x89\x82\xb5\x9c\x09\x1c\x19\x9d\x22I\x19z\x19\x9d\x9cM\
\xf2\xa5\xe9\xd9\xd2\x11\x1dP\x1bG\xf0w\xe0\xfd\xb0%\
i+\x0e\xe4f\x9a|\x85\xff\x8e\x0e\xa9\x03\x97\xd6l\
\x18\xbb\xbf\xffY\xd1\x19\x92T\x02\x89\x82\xb7\xd2\xcb9\
\xd1!U\xe7\x00h\xb7!^Nb\x00\xe8\x8eN\x91\
\xa4\x92\x18\x01\x96\xd0\xc7E\xd1!U\xe6\x00h\xa7U\
\xecO\x93K\x81\xb9\xd1)\x92T2\x1b(8\x82^\
\xae\x8d\x0e\xa9*\x07@\xbb\xacd>\x0d\xae\x04\xf6\x8e\
N\x91\xa4\x92\xfa%]\xbc\x88\x1e\xd6G\x87T\x91\x9f\
\x02h\x87\x93i\xd0\xe0\xabx\xf8K\xd2L\xec\xc7\x08\
\xe7r\x9eoXo\x07\x07@;\x1c\xc6'\x80%\xd1\
\x19\x92T\x01}\xcc\xe3o\xa2#\xaa\xc8\x97\x00Zm\
\x80c)\xf8\x16\x8e+Ij\x95&\x05\x7fF/\xdf\
\x8d\x0e\xa9\x12\x07@+\x0d\xf2,\xe0\x0a|\xd3\x9f$\
\xb5\xda::x\x11\x0b\xf9UtHU\xf8,\xb5U\
\x06\xd8\x09\xb8\x00\x0f\x7fIj\x87yl\xe6\x02.d\
\xc7\xe8\x90\xaap\x00\xb4J\x833\x81\xe7GgHR\
e\x15\x1cD7_\x8a\xce\xa8\x0a\x07@+\x0c\xf2!\
\x12\xaf\x8b\xce\x90\xa4\xca+\xf8s\x86\xbc\xadz+\xf8\
\x1e\x80\x99\x1a`\x01\x05\xff\x0dtF\xa7HRM\x8c\
\xd0\xe4\x08\x16sEtH\x999\x00fb5s\x18\
\xe1*\xe0Y\xd1)\x92T37\xb3\x91\x17\xb0\x94\x07\
\xa2C\xca\xca\x97\x00fb\x84\xcf\xe3\xe1/I\x11\xf6\
aGN\x8b\x8e(3\xaf\x00L\xd7\x00\xaf\xa1\xe0\xfc\
\xe8\x0cI\xaa\xb5\xc4\xeb\xe9\xe7\xdc\xe8\x8c2r\x00L\
\xc7\x0a\x9eA'\xd7\x00\xf3\xa3S$\xa9\xe6\xd6Sp\
0\xbd\xdc\x16\x1dR6\xbe\x040U'\xd3\xa0\x8bs\
\xf0\xf0\x97\xa4\x1c\xcc%\xf1\x15\xbf/`\xea\x1c\x00S\
\xb5\x80\xbf\x22\xd1\x13\x9d!Iz\xc4K\x99\xcb\x87\xa2\
#\xca\xc6\x97\x00\xa6b\x80C(\xb8\x0c\xe8\x8eN\x91\
$=\x86\x1f\x0d\x9c\x22\x07\xc0d\x0d\xb0\x13\x05W\x01\
\xcf\x8eN\x91$m\xd1\xcf\xd9\xc4!\x1c\xcbC\xd1!\
e\xe0K\x00\x93U\xf0I<\xfc%)g\xcf\xa5\x9b\
\x8fGG\x94\x85W\x00&c%/\xa6\xc1e\xe0\x9b\
L$)s\xa3\xc0\x9f\xd2\xc7\x95\xd1!\xb9\xf3\x0a\xc0\
\xb6\xac\xa6\x93\x06_\xc4\xc3_\x92\xca\xa0\x83\xc4\x99\x5c\
IWtH\xee\x1c\x00\xdb2\xc2G\x81\x17DgH\
\x92&\xa9\xe0 \xd6\xf0\xe1\xe8\x8c\xdc\xf9\x12\xc0\xd6|\
\x8f\xe7\xd0\xc1\xd5\xc0\xf6\xd1)\x92\xa4)\xd9D\xc1\x0b\
\xe9\xe5\x86\xe8\x90\x5cy\x05`\x22'\xd3\xa0\x83/\xe3\
\xe1/Ie\xb4\x1d\x89\x7f%\xf9Dw\x22\x0e\x80\x89\
,\xe0$\xe0\x88\xe8\x0cI\xd2\xb4\xbd\x8cU\x1c\x1f\x1d\
\x91+\x97\xd1\x96\x0c\xb2;\xf03`nt\x8a$i\
F6\xd0\xc1\xfe,\xe4\x8e\xe8\x90\xdcx\x05`\xcb\xbe\
\x80\x87\xbf$U\xc1\xce\x8crztD\x8e\xbc\x02\xf0\
xC\x1cMbyt\x86$\xa9\x85\x0a\x16\xd3\xcb@\
tFN\x1c\x00\x8f\xb6\x9aNF\xb8\x1a8 :E\
\x92\xd4R70\x9f\x839\x94\x91\xe8\x90\x5c\xf8\x12\xc0\
\xa3\x0d\xf3\x1e<\xfc%\xa9\x8a\x9e\xc7ZN\x8c\x8e\xc8\
\x89W\x00~o%\xf3i\xf0\x0b`~t\x8a$\xa9\
-\xd6\xd1\xe0Y,bMtH\x0e\xbc\x02\xf0{\x0d\
>\x89\x87\xbf$U\xd9<\x9a\xfc\xdf\xe8\x88\x5cx\x05\
\x00`\x15\xfb\xd3\xe4\x1a\xa03:E\x92\xd4V\x9bI\
\xbc\x90~\xae\x8b\x0e\x89\xe6\x15\x00\x80&\xa7\xe2\xe1/\
Iu\xd0I\xc1i\xd1\x119p\x00\x0c\xf0\x0a\xa0/\
:C\x924k\x162\xc4\xd1\xd1\x11\xd1\xea\xfd\x12\xc0\
yt3\x97\x9f\x01\xfbE\xa7H\x92fQ\xc1\x8d\xcc\
\xe3\xc0:\x7f,\xb0\xdeW\x00\xe6q\x22\x1e\xfe\x92T\
?\x89\xe7\xb0\x96\xb7GgD\xaa\xef\x15\x80\xd5l\xcf\
\x08\xbf\x04\xf6\x88N\x91$\x85\xb8\x939\xec\xc7\x026\
F\x87D\xa8\xef\x15\x80\x11\xfe\x02\x0f\x7fI\xaa\xb3\xdd\
y\xb0\xbe\xdf\x16X\xcf+\x00\x03\xecD\xc1\xaf\x80\xa7\
F\xa7H\x92\x02%\xeef\x98}9\x96\x87\xa2Sf\
[]\xaf\x00\xbc\x17\x0f\x7fIR\xc1\xd3\xd8\x8e\x93\xa2\
3\x22\xd4\xef\x0a\xc0\x0av\xa6\x93_\xe3]\xff$I\
c\xeec#\xfb\xb0\x94\x07\xa2CfS\xfd\xae\x00t\
\xf1\x01<\xfc%I\x7f\xb0\x1b\xdb\xf3\xee\xe8\x88\xd9V\
\xaf+\x00\xab\x99\xcb\x087\x03\xf3\xa2S$IYY\
O\x17{\xd3\xc3\xfa\xe8\x90\xd9R\xaf+\x00#\xfc%\
\x1e\xfe\x92\xa4'\x9a\xcb0\xef\x8f\x8e\x98M\xf5\xb9\x02\
\xb0\x9cyts\x1b0':E\x92\x94\xa5\xfb\xd9\xcc\
\x9e\x1c\xc5\x86\xe8\x90\xd9P\x9f+\x00\xdd\x9c\x84\x87\xbf\
$ib\xbb\xd0\xc5\x89\xd1\x11\xb3\xa5\x1eW\x00\xc6\xee\
\xf9\x7f\x0b\xf0\xf4\xe8\x14IR\xd6\xee`=\xfb\xb0\x8c\
\xe1\xe8\x90v\xab\xc7\x15\x80y\xbc\x11\x0f\x7fI\xd2\xb6\
\xed\xc1\x5c\x96EG\xcc\x86z\x0c\x80\xc4\xfb\xa2\x13$\
I%\x91\xf8KR\xf5\xaf\x90W\x7f\x00\xacb1p\
pt\x86$\xa9$\x0a\x0eb\x88#\xa33\xda\xad\xfa\
\x03`\x94\x0fE'H\x92J\xa7\xf2gG\xb5/q\
\x0cq \x89k\xa8\xfa\xafS\x92\xd4zM^\xc0b\
\xae\x89\xceh\x97j_\x01H\xfc%\x1e\xfe\x92\xa4\xe9\
hT\xfb\xfdc\xd5=\x1c/b\x0fF\xb9\x19\xe8\x8e\
N\x91$\x95\xd2&\x9a\xec\xcdb\xee\x8a\x0ei\x87\xea\
^\x01\xd8\xcc\x09x\xf8K\x92\xa6o;\x1a\x1c\x1f\x1d\
\xd1.\xd5\xbc\x02p2\x0d\x16\xf0k`\xcf\xe8\x14I\
R\xa9\xdd\xcez\xf6f\x19\xa3\xd1!\xadV\xcd+\x00\
\x87\xb3\x04\x0f\x7fI\xd2\xcc=\x93y,\x8a\x8eh\x87\
j\x0e\x80&'D'H\x92*\xa2\xa2gJ\xf5^\
\x02X\xcd\xd3\x18\xe16\xa0+:E\x92T\x09\x9bi\
\xb2g\xd5\xde\x0cX\xbd+\x00#\xbc\x1d\x0f\x7fIR\
\xebt\xd2\xe0\xb8\xe8\x88V\xab\xd6\x00\x18\xbbw\xf3\xdb\
\xa23$I\x15\x938\xb1j\xdf\x0fP\xad\x010\xc8\
\x22`\xbf\xe8\x0cIR\xc5\x14\xec\xcb*^\x16\x9d\xd1\
J\xd5\x1a\x00E5\xdf\xa8!I\xcaB\xa5\xee\x09P\
\x9d\xcb\x19+x2\x9d\xfc\x06o\xfe#Ij\x8f\x87\
i\xb2\x07\x8bY\x1b\x1d\xd2\x0a\xd5\xb9\x02\xd0\xc5\xeb\xf0\
\xf0\x97$\xb5\xcf\xf6\x14\xbc&:\xa2U\xaa3\x00`\
Yt\x80$\xa9\xe2\x8a\xea\x9c5\xd5x\x09`%O\
\xa7\xc1o\xa8\xd6\xa0\x91$\xe5g\x94\x06{\xb0\x88{\
\xa2Cf\xaa\x1a\x07f\x07\xaf\xa3*\xbf\x16IR\xce\
:\x18\xe5\xd5\xd1\x11\xadP\x8dC\xb3Y\x9dK2\x92\
\xa4\xccU\xe4e\x80\xf2\xbf\x040\xc03)\xb8\x95*\
\xfcZ$Ie\xd0\x04\x9eI\x1fwF\x87\xccD\xf9\
\xaf\x00\x8c-1\x0f\x7fI\xd2liP\x94\xffe\x80\
\xf2\x0f\x00\xdf\xfd/I\x9am\xa9\xfcgO\xb9\x9f9\
\x0f\xb07\x05\xbf\xa2\xec\xbf\x0eIR\xd9$\x0a\xf6\xa2\
\x97\xdb\xa2C\xa6\xab\xdcW\x00\xbc\xfc/I\x8aQ\xd0\
,\xf7\xcb\x00\xe5\x1e\x00\x89\xa5\xd1\x09\x92\xa4\x9a*\xca\
}\x06\x95\xf7\xd9\xf3r\xe6\xd1\xcd\xbd@Gt\x8a$\
\xa9\x966S\xb0\x1b\xbd\xdc\x1f\x1d2\x1d\xe5\xbd\x02\xd0\
E?\x1e\xfe\x92\xa48\x9d\xc0\xc2\xe8\x88\xe9*\xef\x00\
(X\x1c\x9d I\xaa\xb9fy\xcf\xa2r\x0e\x80D\
\x01\xf4EgH\x92j\xae`\xc9\xf8\x99T:\xe5\x1c\
\x00\x03\xbc\x10xzt\x86$\xa9\xf6\x9e\xc1 \x07D\
GLG9\x07@\x07K\xa2\x13$I\x02\xa0Q\xce\
\x97\x01\xca9\x00R9\x1flIR\x05\xa5r>)\
-\xdf\xeb\x16\xab\x99\xcb\x08\xf72\xf6\xeeKI\x92\xa2\
\x0d\xb3\x91\xddX\xca\x03\xd1!SQ\xbe+\x00#\xf4\
\xe2\xe1/I\xcaG7;\xd0\x13\x1d1U\xe5\x1b\x00\
\xbe\xfb_\x92\x94\x9b\x82\xfe\xe8\x84\xa9*\xdf\x00(x\
It\x82$I\x8f\xd1\xe4\x88\xe8\x84\xa9*\xd7{\x00\
V\xb3\x1b#\xfc\x96\xb2uK\x92\xaa\xaeI\xc1\xfc2\
\xdd\x16\xb8\x5cW\x00FX\x80\x87\xbf$)?\x0d\x0a\
\x0e\x8b\x8e\x98\x8ar\x0d\x00X\x10\x1d I\xd2\x16%\
\x0e\x8fN\x98\x8a\xb2\x0d\x80R=\xb8\x92\xa4Z)\xd5\
\x19U\x9e\xcb\xe9+\xd8\x8eN\xd6\x03\xdbG\xa7H\x92\
\xb4\x05\x0f1\x9f\xb9\x1c\xcaHt\xc8d\x94\xe7\x0a@\
7\x7f\x8c\x87\xbf$)_;\xb2\x96\x83\xa3#&\xab\
<\x03\xa0d\xaf\xadH\x92j\xa8(\xcf\xc7\x01\xcb3\
\x00J\xf6\xda\x8a$\xa9\x86J\xf4d\xb5<\x03 \x95\
\xeb\xe3\x15\x92\xa4Z*\xcd\xa7\xd5\xca1\x00\x86\xd8\x13\
xjt\x86$I\xdb\xb0;\x83\xec\x1e\x1d1\x19\xe5\
\x18\x00M\x0e\x8aN\x90$iR\x1a\xe58\xb3\xca1\
\x00\x8ar<\x98\x92$\x95\xe5Ik9\x06\x00\x1c\x18\
\x1d I\xd2$\x95\xe2\xcc*\xcb\x00(\xc5\x9a\x92$\
\x89\x92\x0c\x80\xfc\xef\x048v\x07\xc0\x07\x80\xae\xe8\x14\
I\x92&a\x98\xf5<\x89e\x0cG\x87lM\xfeW\
\x00\xba\xd8\x1f\x0f\x7fIRyt\xb3\x0b\xcf\x8e\x8e\xd8\
\x96\xfc\x07@I\xdeL!I\xd2#J\xf0I\x80\xfc\
\x07@Q\x8e\xd7R$IzD3\xff\xb3+\xff\x01\
P\x927SH\x92\xf4\x88\x12||\xdd\x01 IR\
\xebe\x7fv\xe5\xfd)\x80\x01v\xa2\xe0w\xd1\x19\x92\
$MQ\xa2\x8b\x1d\xe9\xe1\xe1\xe8\x90\x89\xe4}\x05 \
\xb1Wt\x82$I\xd3P0\xca\x9e\xd1\x11[\x93\xf7\
\x00(\xd8;:A\x92\xa4iIy\x9fay\x0f\x80\
\x86W\x00$I%\x95\xf9U\xec\xbc\x07@\xe6\x0f\x9e\
$I\x13\xca\xfc\x0cs\x00H\x92\xd4\x0e\x0d_\x02\x98\
\xbe\xcc\x1f<I\x92&\x94\xf9\x93\xd8\xbc\x07@\xe6\x0f\
\x9e$I[\x91\xf5\x93\xd8|\x07\xc0\xb7y\x120?\
:C\x92\xa4iz\x0a\xab\x99\x13\x1d1\x91|\x07\xc0\
v\xec\x13\x9d I\xd2\x8cl\xe2\x8f\xa2\x13&\x92\xef\
\x00h\xe4\xfb\xa0I\x924)\x1d\xf9\xbe\x94\x9d\xef\x00\
(xjt\x82$I3\xf4\x94\xe8\x80\x89\xe4;\x00\
\x9a\xec\x16\x9d I\xd2\x8cd|\x96\xe5;\x00\x0av\
\x8dN\x90$iF2>\xcb\xf2\x1d\x00\xe4\xfb\xa0I\
\x924I\xd9\x9ee\xf9\x0e\x80\x22\xdf\xcb&\x92$M\
J\xc6gY\xbe\x03\xa0\x99\xefj\x92$i\x92\xb2=\
\xcb\xf2\x1d\x00\x19\xaf&I\x92&%\xe5{\x96\xe5;\
\x002^M\x92$MR\xb6gY\x9e\x03\xe0<:\
\x80\xb9\xd1\x19\x92$\xcd\xd0|\x12Et\xc4\x96\xe49\
\x00\x9e\xcc<rm\x93$i\xf2:\xb9\x98]\xa2#\
\xb6$\xcfC\xf6\xe1|/\x99H\x924%\x9b\xf2|\
\x1f@\x9e\x03\xa0\x93\x1d\xa3\x13$Ij\x89\x0ev\x88\
N\xd8\x92<\x07\x00l\x17\x1d IRK\xa4<\xcf\
\xb4<\x07@\x93\xee\xe8\x04I\x92Z\x22\xe5y\xa6\xe5\
9\x00:\xf2|\xb0$I\x9a2\xaf\x00LA\xa6\x0f\
\x96$IS\x96\xe9\x93\xda\x5c\x07@\x96\x0f\x96$I\
S\x96\xe9\x93\xda\x5c\x07@\x96\x0f\x96$I\xd3\x90\xe5\
\x99\x96\xe7\x00hx\x05@\x92T\x11\x99^\xd5\xces\
\x00d\xfa`I\x924\x0d^\x01\x98\x82,\x1f,I\
\x92\xa6\xac\xc8\xf3Im\x9e\x03\xc0+\x00\x92\xa4\xea\xc8\
\xf2Im\x9e\x03@\x92$\xb5U\x9e\x03\xa0`8:\
A\x92\xa4\x16\xd9\x14\x1d\xb0%y\x0e\x80L\x1f,I\
\x92\xa6,\xe5\xf9\xa46\xcf\x01\xe0\x15\x00IRud\
\xf9\xa46\xcf\x01\xd0\xcc\xf3\xc1\x92$i\xca2}R\
\x9b\xe7\x00\xc8\xf4\xc1\x92$i\x1a\xb2|R\xeb\x00\x90\
$\xa9\x9d\x0a\x07\xc0\xe4e\xfa`I\x924e\xa3y\
>\xa9\xcds\x00d\xfa`I\x924e\x99>\xa9\xcd\
s\x00d\xfaz\x89$IS\x96\xe9\xcb\xday\x0e\x80\
F\x9e\x0f\x96$IS\xe6\x15\x80)(x0:A\
\x92\xa4\x96h\xf0Pt\xc2\x96\xe49\x00`Mt\x80\
$I-\xd1\xe4\xbe\xe8\x84-\xc9s\x00\x5c\xc2:`\
4:C\x92\xa4\x19\x1aa\x11\x1b\xa2#\xb6$\xcf\x01\
p2M`}t\x86$I3\xb4\x96\x82\x14\x1d\xb1\
%y\x0e\x00\x80\x22\xcfK&\x92$MA\xb6gY\
\xbe\x03 \xf9>\x00IR\xe9e{\x96\xe5;\x002\
^M\x92$MR\xb6gY\xce\x03 \xdb\xd5$I\
\xd2\xa4d|5;\xdf\x01\xe0{\x00$Ie\x97\xf1\
Y\x96\xef\x00\xc8x5I\x924I\xd9\x9ee\xf9\x0e\
\x80\x8c\x1f4I\x92&)\xdb\xb3,\xdf\x01\x90\xb8'\
:A\x92\xa4\x19\xfamt\xc0D\xf2\x1d\x00\x1d\xdc\x1a\
\x9d I\xd2\x8c4\xb8%:a\x22\xf9\x0e\x80\x07\xf9\
ut\x82$I32\x9a\xef\x93\xd9|\x07\xc0R\x1e\
\x00\xd6FgH\x924M\xf7\xd0\x9f\xef\xb7\xdb\xe6;\
\x00\xc6x\x15@\x92TV\xb7D\x07lM\xde\x03 \
\xe5\xfd\xe0I\x92\xb4\x15Y?\x89\xcd{\x00d\xfe\xe0\
I\x924\xa1\xcc\x9f\xc4\xe6=\x00\x8a\xbc\x1f<I\x92\
\xb6\x22\xeb'\xb1\x0e\x00I\x92\xda!\xf33,\xf7\x01\
\x90\xf5z\x92$i+\xb2>\xc3\xf2\x1e\x00;\xf2k\
 EgH\x924E\x89.n\x8f\x8e\xd8\x9a\xbc\x07\
\xc0\x026\x02wEgH\x924E\xb7\xd3\xc3\xc3\xd1\
\x11[\x93\xf7\x00\x00H\xfc4:A\x92\xa4)\xba&\
:`[\xf2\x1f\x00\x85\x03@\x92T:\xd7F\x07l\
K\xfe\x03\xa0\x04\x0f\xa2$I\x8f\x91\xf2?\xbb\xf2\x1f\
\x00\xcd\xfc\x1fDI\x92\x1e\xa3#\xff\xab\xd7\xf9\x0f\x80\
\x0d\xdc\x00\x0cGgH\x924I\x9b\xe8\xe0\xa6\xe8\x88\
m\xc9\x7f\x00,c\x18\xf2\x7f %I\x1aw==\
l\x8e\x8e\xd8\x96\xfc\x07\x00\xf8I\x00IRy\x94\xe0\
\xf5\x7f(\xcb\x00h\x94\xe3\xc1\x94$\xa9,gV9\
\x06\x80W\x00$IeQ\x923\xab\x1c\x03`s9\
\x1eLI\x92\xe8*\xc7\x99U\x8e\x01p\x14\xbf\xc1[\
\x02K\x92\xf2w'=\xdc\x1d\x1d1\x19\xe5\x18\x00c\
.\x8f\x0e\x90$i\xab\x0a~\x18\x9d0Ye\x1a\x00\
\x97F\x07H\x92\xb4\x0d\xa59\xab\xca3\x00Ry\x1e\
TIRM\x8d\x96\xe7\xac*\xcf\x00\xd8\x95\xab\x80\x87\
\xa23$I\x9a\xc0\x83lW\x8e7\x00B\x99\x06\xc0\
\xa1\x8c\x00WFgH\x92\xb4E\x89\xcb\xcbp\x07\xc0\
\xdf+\xcf\x00\x18S\x9aK+\x92\xa4\xda)\xd5\x19U\
\xae\x01P\x94\xeb\xc1\x95$\xd5J\xa9\xce\xa8r\x0d\x80\
M\x5c\x064\xa33$Iz\x9cQ\x1a\x5c\x11\x1d1\
\x15\xe5\x1a\x00\xc7\xb0\x0e\xf8yt\x86$I\x8f\xf3S\
z\xb9?:b*\xca5\x00\x00\x0a.\x89N\x90$\
\xe9qJu\xf9\x1f\xca8\x00`0:@\x92\xa4\xc7\
H\xe5;\x9b\xca7\x00F\x18\x02F\xa23$I\x1a\
7L7\xab\xa3#\xa6\xaa|\x03\xe0(6P\xf0?\
\xd1\x19\x92$\x01\x90\xf8\x01=\xfc.:c\xaa\xca7\
\x00\x00\x9a|/:A\x92$\x00\x0aVF'LG\
9\x07@\xe1\x00\x90$e\xa2Q\xce3\xa9\x88\x0e\x98\
\x96D\xc1\x10\xbf\x01v\x8fN\x91$\xd5\xda\xed\xf4\xb1\
gt\xc4t\x94\xf5\x0a@\xc2O\x03H\x92\xe2\xad\x88\
\x0e\x98\xaer\x0e\x00\xf0e\x00IR\xbcT\xce\xd7\xff\
\xa1\xcc\x03`\x13CP\x9eo]\x92$U\xce\x08\x8d\
\xf2}\xfc\xef\xf7\xca;\x00\xc6n\x0b\xfc\xa3\xe8\x0cI\
Rm]Z\xb6\xdb\xff>Zy\x07\x00@\xc1\xb7\xa2\
\x13$I5\x95\xf8ft\xc2L\x94{\x0049\x17\
H\xd1\x19\x92\xa4\xdai\xd2\xc9\x7fEG\xccD\xb9\x07\
@?\xb7\x93\xbc+\xa0$i\xd6\xfd\x90\x85\xdc\x11\x1d\
1\x13\xe5\x1e\x00\x00\x0d\xce\x8bN\x90$\xd5L*\xff\
\xd9S\xfe\x010\xca\xb9@3:C\x92T\x1b\xcd\xb2\
\xbf\xfe\x0fU\x18\x00\x8b\xb9\x0b\xb8,:C\x92T\x1b\
\x17\x8f\x9f=\xa5V\xfe\x01\x00Ppnt\x82$\xa9\
&R5\xce\x9cj\x0c\x80N\xbe\x01\x8cFgH\x92\
*o3T\xe3#\xe8\xd5\x18\x00=\xdc\x0d\xfc0:\
C\x92Ty\xdf\xa7\x9f\xdfFG\xb4B5\x06\xc0\x98\
J\x5c\x92\x91$e\xac\x22\x97\xff\xa1J\x03\xa0\xc1\xf9\
\xc0\xa6\xe8\x0cIRem\xa4\x9b\x0b\xa2#Z\xa5:\
\x03`\x11k\xa0\xfc\x1f\xcb\x90$e\xeb\x1b\xf4\xb0>\
:\xa2U\xaa3\x00\x00\x12_\x8aN\x90$UT\xb3\
ZgL\x11\x1d\xd0R\x89\x82!n\x04\x9e\x15\x9d\x22\
I\xaa\x90\x82\x1bY\xc4\xf3(\xaa\xf3\xfd3\xd5\xba\x02\
P\x90(8+:C\x92T9_\xae\xd2\xe1\x0fU\
\x1b\x00\x00\x05g\x03#\xd1\x19\x92\xa4\xca\x18\xa6\xc99\
\xd1\x11\xadV\xbd\x01\xb0\x88{\x80\xe5\xd1\x19\x92\xa4\xca\
\xf8vU>\xfb\xffh\xd5\x1b\x00\xe0\x9b\x01%I\xad\
S\xd13\xa5\x9a\x03\xe0r\x06\x80[\xa33$I\xa5\
w\x0b\x97sQtD;Ts\x00\x9cLs\xfc\xbd\
\x00\x92$M_\xe2LN\xae\xe6W\xceWs\x00\x00\
\x14|\x01x8:C\x92TZ\x9bH\x9c\x19\x1d\xd1\
.\xd5\x1d\x00co\x06\xfczt\x86$\xa9\xb4\xbe\xc2\
b\xee\x8a\x8eh\x97\xea\x0e\x00\x80\xc4g\xa1Z\x9f\xdb\
\x94$\xcd\x8aD\x83S\xa3#\xda\xa9\xda\x03\xa0\x9f\xeb\
H\x0cDgH\x92J\xa6\xe0\xbb,\xe2\xfa\xe8\x8cv\
\xaa\xf6\x00\x00\xe8\xe0\xb3\xd1\x09\x92\xa4\xd2\xa9\xfc\xd9Q\
\xad\xef\x02\x98\xc8 W\x01/\x8c\xce\x90$\x95\xc2O\
\xe8\xe3\xd0\xe8\x88v\xab\xfe\x15\x801\x95~\x1dG\x92\
\xd4B\x89\x7f\x8cN\x98\x0d\xf5\x18\x00\xf3\xf9:p{\
t\x86$){\xb7\xd2\xcd7\xa2#fC=\x06\xc0\
\xa1\x8c\x00\xff\x1c\x9d!I\xca\x5c\xc1i\xf4\xb09:\
c6\xd4c\x00\x00tq\x06\xb0!:C\x92\x94\xad\
\xf5<T\xdd\x1b\xff<^}\x06@\x0f\xeb\x81\xcfE\
gH\x92\xb2u\x0aKy :b\xb6\xd4g\x00\x00\
\x14|\x16X\x1b\x9d!I\xca\xce\x1a6\xd7\xebIb\
\xbd\x06@/\xf7\x93\xfcD\x80$\xe9\x09>\xcdQ\xf5\
z\x99\xb8^\x03\x00\xa0\x9b\xd3\x80\xdfFgH\x92\xb2\
q/]|>:b\xb6\xd5o\x00\xf4\xf0;jp\
\x87'I\xd2$\x15\xfc\xc3\xf8\xd9P+\xf5\xb8\x13\xe0\
\xe3]\xc6\x0e\xfc\x8e_\x02\xbbG\xa7H\x92B\xdd\xc5\
\x1c\xf6e\x01\x1b\xa3Cf[\xfd\xae\x00\x00\xe3\xbf\xd1\
\x9f\x8e\xce\x90$\x05K\xfc}\x1d\x0f\x7f\xa8\xeb\x00\x00\
\xe8\xe2\x8b\xc0o\xa23$Ianc\xb4>\x9f\xfb\
\x7f\xbc\xfa\x0e\x80\x1e\x1e\xa6\xe0\x1f\xa23$IA\x12\
\x9f\xe0(6EgD\xa9\xef\x00\x00\x98\xc7\x97\x81\x9b\
\xa23$I\xb3\xee\x06\xba\xf9\xf7\xe8\x88H\xf5\x1e\x00\
\x872B\xe2C\xd1\x19\x92\xa4Y\xd6\xe0\x83u\xb9\xe7\
\xffD\xea=\x00\x00\xfaYNbet\x86$i\x96\
\x14,g\x91?\xf7\x1d\x000\xb6\x04a$:C\x92\
\xd4v#l\xe6\xc3\xd1\x119p\x00\x00\xf4r\x03\x89\
/DgH\x92\xda\xeet\x96pctD\x0e\xeay\
#\xa0-Y\xce<\xba\xb9\x09\xd8-:E\x92\xd4\x16\
\xf7\xd2\xc5\xb3\xc7\xbf\x1d\xb6\xf6\xbc\x02\xf0{\xc7\xb0\x8e\
\x82\x8fGgH\x92\xda$\xf17\x1e\xfe\x7f\xe0\x00x\
\xb4u\xfc+pmt\x86$\xa9\xe5~F7gE\
G\xe4\xc4\x01\xf0h\xcb\x18\x05>\x10\x9d!Ij\xb1\
\xc4\x07\xea\xfe\xb1\xbf\xc7s\x00<^\x1f\x17\x01\xdf\x8c\
\xce\x90$\xb5\xccy\xf43\x14\x1d\x91\x1b\x07\xc0\x964\
y\x17\xb0.:C\x924c\xf7\xe3\x95\xdd-r\x00\
l\xc9b\xee\x02\xfeOt\x86$i\x86\x0a>@\x1f\
wFg\xe4\xc8\x8f\x01N$Q0\xc4*\xe0\xc8\xe8\
\x14I\xd2\xb4\x5cL/GR\x90\xa2Cr\xe4\x15\x80\
\x89\x14$\x1a\x9c\x04\xf5\xfc\x9ehI*\xb9\x8d49\
\xc1\xc3\x7fb\x0e\x80\xadY\xc4M\xc0\xdfGgH\x92\
\xa6\xecd\x16\xf3\xcb\xe8\x88\x9c9\x00\xb6\xa5\x8bO\x03\
\xff\x1b\x9d!I\x9a\xb4k\x98\xcf\xa9\xd1\x11\xb9s\x00\
lK\x0f\x9bi\xf0N`4:E\x92\xb4M\x9bI\
\xbc\x83C\xfd\x82\xb7mq\x00L\xc6\x22~\x0c|.\
:C\x92\xb4M\xa7\xd0\xcfO\xa2#\xca\xc0\x010Y\
\x9b\xf8\x18\xf0\xf3\xe8\x0cI\xd2\x84\xaeg\x0e'GG\
\x94\x85\x03`\xb2\x8e\xe5!\x9a\xbc\x11\x18\x8eN\x91$\
=\xc1&\xe0\x8d,\xf0\x93[\x93\xe5\x00\x98\x8a\xc5\x5c\
\x05\xfc\xdf\xe8\x0cI\xd2\x13|\x94>\xae\x8e\x8e(\x13\
\x07\xc0T]\xc6g\x80\xefGgH\x92\x1e1\xc4e\
\x9c\x16\x1dQ6\xde\x09p:.b\x0fF\xb9\x06\xd8\
5:E\x92jn\x1d\x89\x83\xe9\xe7\xf6\xe8\x90\xb2\xf1\
\x0a\xc0t,\xe4\x0e\x0aN\x8c\xce\x90$\xf1N\x0f\xff\
\xe9q\x00LW/\x17\x00gGgHRm\x15\x9c\
A\x1f\xe7Gg\x94\x95\x03`&\x12\xef\x01n\x8a\xce\
\x90\xa4\x1a\xfa%\x0f\xf1\xe1\xe8\x882s\x00\xccD?\
\x0f\x92x3x\xc7)I\x9aE\xc3$^\xcfR\x1e\
\x88\x0e)3\x07\xc0L\xf5\xf3#\x0a>\x14\x9d!I\
5\xf2^\xef\xf67s~\x0a\xa0U\x069\x1bxk\
t\x86$U\xdcW\xe9\xe3\xb8\xe8\x88*\xf0\x0a@\xab\
\xcc\xe1/(\xb8*:C\x92*\xec\x1a6\xf1\xce\xe8\
\x88\xaa\xf0\x0a@+]\xc4\x1f1\xcaO\xf0\xfe\x00\x92\
\xd4jki\xf0\x22\x16qstHUx\x05\xa0\x95\
\x16r+\x897\xe0W\x07KR+5I\xbc\xc9\xc3\
\xbf\xb5\x1c\x00\xad\xd6\xcf\x10\x05\x7f\x17\x9d!I\x15\xf2\
1\xfa\xf9^tD\xd5\xf8\x12@;$\x0a\x86\xf8/\
\xe0\x95\xd1)\x92Tr\x17\xd2\xcbR\x0aRtH\xd5\
x\x05\xa0\x1d\x0a\x12\xc3\xbc\x83\xc4\xaf\xa2S$\xa9\xc4\
n\xa2\xe08\x0f\xff\xf6p\x00\xb4\xcb1\xac\xa3\xc1\xb1\
\xc0\xba\xe8\x14I*\xa1\xb5\x8c\xf2g\xf4r\x7ftH\
U9\x00\xda\xa9\x97\x1bH\xbc\x02\xd8\x14\x9d\x22I%\
2L\xe2\xb5,\xe1\xc6\xe8\x90*s\x00\xb4[??\
 \xf1V\xf0\x12\x96$MB\x02\x8e\xa7\x9f\xefG\x87\
T\x9d\x03`6\xf4\xf3u\x12\x9f\x88\xce\x90\xa4\xec\x15\
|\x8c>\xbe\x12\x9dQ\x07~\x0a`\xb6\x8c}2\xe0\
l\xe0-\xd1)\x92\x94\xa5\x82\xb3\xe8\xe5\x1d\xd1\x19u\
\xe1\x15\x80\xd9R\x90\x98\xcf\x09$VE\xa7HR\x86\
.f\x1d'EG\xd4\x89W\x00f\xdb\x0av\xa6\x93\
K\x80\x03\xa3S$)\x13\xd7\xd3\xc5\xe1\xf4\xb0>:\
\xa4N\x1c\x00\x11\xbe\xc7^t\xf0?\xc0S\xa3S$\
)\xd8\x9d\x14\x1cF/\xb7E\x87\xd4\x8d/\x01DX\
\xc2-\x14\xf4\x02k\xa3S$)\xd0z\xe0h\x0f\xff\
\x18\x0e\x80(\xbd\x5cK\x93%\x14<\x10\x9d\x22I\x01\
6\x00\xbd\xf4qutH]9\x00\x22-\xe6\x0a\x9a\
,\x06\x1e\x8cN\x91\xa4Y\xf4\x10\x89c\xe9\xe3\xca\xe8\
\x90:s\x00D\xeb\xe72\x12\xaf\x04\x1e\x8eN\x91\xa4\
Y0L\xe25\xf4\xf3\x83\xe8\x90\xbas\x00\xe4`\xec\
+\x84_\x0fl\x8eN\x91\xa46\x1a%\xf1F\xbf\xda\
7\x0f\x0e\x80\x5c\xf4\xf2m\x12o\x00F\xa3S$\xa9\
\x0d\x9a\xc0q\xf4\xf3\x8d\xe8\x10\x8dq\x00\xe4d\xec\x0f\
\xc6\xf1\xf8\xbd\x01\x92\xaa%\x918\x89>\xfe3:D\
\x7f\xe0\x00\xc8M\x1f\xffF\xe2\xfd8\x02$UC\xa2\
\xe0\xbd\xf4sFt\x88\x1e\xcb\x1b\x01\xe5j\x90\xe3\x80\
\xb3\x81\x8e\xe8\x14I\x9a\xa6Q\x12\xef\xa4\x9f3\xa3C\
\xf4D\x0e\x80\x9c\x0d\xf0z\x0a\xce\x01\xba\xa2S$i\
\x8aF)x;\xbd\x9c\x13\x1d\xa2-s\x00\xe4n\x80\
c(8\x1f\xd8>:E\x92&i\x18x=}|\
3:0\xf3\x1a\xb5\x00\x00\x07\xb8IDATD\x13\
s\x00\x94\xc1Jzh\xf0\x1d`Nt\x8a$m\xc3\
C\xc0+\xe9c0:D[\xe7\x00(\x8b\x95\xbc\x84\
\x06\xcb\x81\x9d\xa3S$i\x02\xf7\x03G\xd3\xc7\xa5\xd1\
!\xda6\x07@\x99\x0cp\x08\x05+\x81\xdd\xa2S$\
\xe9q\xd6\x91XB??\x8a\x0e\xd1\xe48\x00\xcaf\
\x15\x071\xca\x00\x05O\x8bN\x91\xa4qw\x92\xe8\xa7\
\x9f\xeb\xa2C4y\xde\x07\xa0l\x16\xf1S:9\x14\
\xfc\x06-IY\xb8\x8e\x0e\x16x\xf8\x97\x8f\x03\xa0\x8c\
\x16r\x07\x1by)\x89\x95\xd1)\x92j\xed\x22\x0a\x8e\
`!\xb7F\x87h\xea\x1c\x00e\xb5\x94\x07\xe8\xe6X\
\xe0\x8b\xd1)\x92j\xe9l\xe6\xb3\x84^\xee\x8f\x0e\xd1\
\xf4\xf8\x1e\x80*\x18\xe4}\xc0\xa9\xf8\xfb)\xa9\xfd\x12\
\x89O\xd0\xcf\xc9\xd1!\x9a\x19\x0f\x8c\xaa\x18b\x19\x89\
\x7f\xc7\x1b\x06Ij\x9fa\xe0\x1d\xf4\xf1\xd5\xe8\x10\xcd\
\x9c\x03\xa0J\x069\x1c\xf8\x16~LPR\xeb\xadc\
\xec\x06?\xff\x1d\x1d\xa2\xd6p\x00T\xcd\x10\xcf#\xf1\
\x1d`\xbf\xe8\x14I\x95q\x13\xa3\xfc\x19K\xb81:\
D\xad\xe3\x9b\x00\xab\xa6\x97\x1b\xd8\xcc!\xe0=\xb8%\
\xb5@\xc1r\xba\xf8\x13\x0f\xff\xeaq\x00T\xd1Ql\
\xa0\x97W\x03\x7f\x054\xa3s$\x95R\x02>\xc5\xa5\
,\xa5\x87\xf5\xd11j=_\x02\xa8\xba\x01\x96P\xf0\
U`~t\x8a\xa4\xd2XC\xc1\x1b\xe9e :D\
\xed\xe3\x00\xa8\x83!\xf6$\xf1\x0d\xe0E\xd1)\x92\xb2\
w5\x89W\xd1\xcf\xaf\xa3C\xd4^\xbe\x04P\x07\xbd\
\xdcF\x17/\xa5\xe0\xac\xe8\x14IY\xfb*\x9b8\xdc\
\xc3\xbf\x1e\xbc\x02P7\x03\x9cH\xc1?\x01\xdd\xd1)\
\x92\xb2\xb1\x09\xf8\x08}|.:D\xb3\xc7\x01PG\
+y1\x0d\xbe\x86\x1f\x15\x94Tp#M\xdeH?\
?\x89N\xd1\xec\xf2%\x80:Z\xcc\x15\xcc\xe1 \xe0\
\xf4\xe8\x14I\xa1\xbeB'\x87z\xf8\xd7\x93W\x00\xea\
n\x88W\x918\x03\xd85:E\xd2\xacYO\xe2$\
\xfa\xf9zt\x88\xe28\x00\x04\xaby\x1a\xc3\x9cM\xc1\
\xe2\xe8\x14Imw\x11\x1d\xbc\x85\x85\xdc\x11\x1d\xa2X\
\xbe\x04 \xe8\xe1n\xfa8\x0ax?c_\xf6!\xa9\
zFH|\x9c\xcb\xe8\xf3\xf0\x17x\x05@\x8f7\xc0\
\xf3)\xf8\x0f\xe0\xc0\xe8\x14I-s\xc3\xf8\x8d}\xfe\
7:D\xf9\xf0\x0a\x80\x1e\xab\x9f\xeb\xd8\xc4\x9f\x02\x9f\
\x05F\xa3s$\xcd\xc8f\x0a>\xc3\x1c\x0e\xf1\xf0\xd7\
\xe3y\x05@\x13\x1b\xe4\x05\xc0\x97\x80C\xa3S$M\
Q\xe2\xa7tp<\x8b\xf8qt\x8a\xf2\xe4\x15\x00M\
\xac\x8f\xab\xe9\xe20\xc6\xde\x1b\xf0`t\x8e\xa4I\xd9\
H\xe2\xe3\xdc\xcf\x8b<\xfc\xb55^\x01\xd0\xe4\x5c\xc4\
\xbe\x8c\xf2E`at\x8a\xa4\x09\xfd\x80QN\xf4\xab\
{5\x19\x0e\x00M^\xa2`\x15\xc7\x918\x05\xef\x1b\
 \xe5d=\x89\x8f\xd0\xc7\x97(H\xd11*\x07\x07\
\x80\xa6n\x90\xdd\x81\x7f\x02^\x15\x9d\x22\xd5^\xc1\xb9\
\x14\xbc\x8fE\xdc\x13\x9d\xa2rq\x00h\xfa\x068\x12\
8\x95\x82\x83\xa2S\xa4\x1a\xba\x81\x06\x1fd\x11+\xa3\
CTN\xbe\x09P\xd3\xd7\xcf\xf7\xb9\x9c\x17R\xf0\x16\
\xe0\xb7\xd19RM\xac\x05\xde\xcfz\x0e\xf4\xf0\xd7L\
x\x05@\xad\xb1\x9cyt\xf3\x11\xe0\x03\xf8U\xc3R\
;\x8c\x00\xffJ\x17\x7fK\x0f\xeb\xa3cT~\x0e\x00\
\xb5\xd6*\x9eM\xe2\xb3$\x8e\x89N\x91*#\xb1\x8a\
\xc4\xfbY\xcc\xcf\xa2ST\x1d\x0e\x00\xb5\xc7*\x16\xd1\
\xe44\xe0\x80\xe8\x14\xa9\xc4n\xa2\xe0\x83\xf4\xf2\xdd\xe8\
\x10U\x8f\x03@\xeds%]\xac\xe5\xed\xc0_\x03\xcf\
\x8c\xce\x91J\xe4V\xe0\xef\xe9\xe2\xdf\xe8ast\x8c\
\xaa\xc9\x01\xa0\xf6;\x8fnv\xe1\xad\x14\xfc-\xb0{\
t\x8e\x94\xb1\xdf\x02\xa7\xd0\xc5\xe7\xe8\xe1\xe1\xe8\x18U\
\x9b\x03@\xb3g\x05\xdb\xd1\xc1[\x80\x8fS\xf0\xb4\xe8\
\x1c)#\xf7\x01\xff\xc8\x1cNg\x01\x1b\xa3cT\x0f\
\x0e\x00\xcd\xbe\x01v\xa2\xe0x\xe0\xa3\xc0S\xa2s\xa4\
@kH\xfc3\xa3\x9c\xc2Ql\x88\x8eQ\xbd8\x00\
\x14g\x88]h\xf2\x01\x0a\xde\x0f\xec\x12\x9d#\xcd\xa2\
\xf5\xc0)l\xe44\x96\xf2@t\x8c\xea\xc9\x01\xa0x\
\xdf\xe6I\xec\xc0\xdb\x81\x0f\x02{F\xe7Hmt\x17\
\x893\xe8\xe64?\xcb\xafh\x0e\x00\xe5\xe3d\x1a\x1c\
\xc6\xd1\x14\xfc5\xf0'\xd19R\x0b]M\xc1\xa9\xcc\
\xe3?9\x94\x91\xe8\x18\x09\x1c\x00\xca\xd5\x10G\x00\x1f\
!q4\xfew\xaarJ$.\x02N\xa7\x9f\x0b\xa3\
c\xa4\xc7\xf3\x07\xab\xf26\xc8\xb3\x80w\x03'\x00;\
\x04\xd7H\x931\x0c\x9cK\x93Oy\xe7>\xe5\xcc\x01\
\xa0rX\xc9\xd3ip\x02\xf0v\xe0\x8f\xa2s\xa4-\
\xb8\x85\xc4\x99t\xf3ez\xb8;:F\xda\x16\x07\x80\
\xca\xe5d\x1a\x1c\xc1\x9149\x11X\x8a_<\xa4X\
\xc3\x14\x0c\x928\x87\xf5\x5c\xc02F\xa3\x83\xa4\xc9r\
\x00\xa8\xbc\x963\x8f.^K\xc1{\x80\xe7G\xe7\xa8\
Vn\x02\xce\x22q6\xfd~\x15\xb6\xca\xc9\x01\xa0j\
\x18\xe0\x10\x1a\x9cH\xe2M\xc0\x8e\xd19\xaa\xa4M\xc0\
whp\x06\x0b\xb9\x88\x82\x14\x1d$\xcd\x84\x03@\xd5\
\xb2\x92\xf9\x14\xbc\x86\x82e\xc0\xcb\x81\x8e\xe0\x22\x95\xdb\
f`5\x89s\xe9\xe6\xbf\xfc\xec\xbe\xaa\xc4\x01\xa0\xea\
Z\xc9|:8\x06x-\x89\xc5@gt\x92J\xa1\
\x09\x5c\x0e\x9cO\x17\xe7\xfa\x86>U\x95\x03@\xf5\xb0\
\x9a\xdd\xd8\xccQ49\x8e\x82#\x81Ft\x92\xb2\xf2\
\x87C\xbf\xc9y,\xe6\xae\xe8 \xa9\xdd\x1c\x00\xaa\x9f\
\x15<\x83\x0e^K\xc1R\xe0p\xbc2PW#\xc0\
\xa5\xc0\xb7\xe8\xe0\x1b,\xe4\x8e\xe8 i69\x00T\
o\x03\xecD\x07\x87\xd1\xe4X\xe0\x15\xf8]\x04Uw\
\x0f0\x08\x5cH\x17C\xbe\xa6\xaf:s\x00H\x8f\xb6\
\x8a}\x18e\x11\x0d\x8e%\xd1\x0bl\x17\x9d\xa4\x19\xd9\
\x0c\xfc\x08\xb8\x90\xc4*\xfa\xb8\xcaw\xefKc\x1c\x00\
\xd2DV3\x87\xcd,$\xd1K\xe2%\x14<\x1f\xdf\
;\x90\xbbQ\xe0:\xe0\x87$\x06\x81\xef\xd3\xcf\x83\xc1\
MR\x96\x1c\x00\xd2d\x8d\x0d\x82\x17\x908\x9c\x82#\
H\x1c\x01\xcc\x8d\xce\xaa\xb9\x07\x81\xab\x81KH\x5cJ\
\xe2R\x16\xb36:J*\x03\x07\x804]\xe7\xd1\xc1\
\xce<\x97b|\x10\xc0K\x80\xbd\x82\xab\xaa-q7\
\x0d\xae$q\x09\x05\x97\xb2\x8e+X\xc6pt\x96T\
F\x0e\x00\xa9\x95\x963\x8f\xed8\x80\xc4!\x14\xecO\
\xe2\x00\xe0\x8f\xf1\x9b\x0c\xa7j\x04\xf8\x05\xf03\x12\xd7\
\x03?\xa1\x83\x9f\xb1\x88\x9b\x83\xbb\xa4\xcap\x00H\xed\
v%]\xac\xe19\x14\x1cH\xe2 \x0a\x0eb\xec\xbb\
\x0b\x9e\x89\x7f\x06\x13p\x1bp\x1d\x89k\x81kH\x5c\
\xcbv\xdcH\x0f\x9b\x83\xdb\xa4J\xab\xfb\x0f\x1f)\xce\
yt3\x9fg\x00\xfb0\xca>\xc0\xee4x:M\
\xf6\xa1`\x1f`o\xaa\xf1gt\x1dp\xf3\xf8_w\
\x01w\x027\x93\xb8\x19\xf8\xb9o\xd2\x93bT\xe1\x87\
\x8bTM\x17\xb2#]\xecM\xc1\xde4x2\xb0+\
\x89\xdd\x80\xdd(\xd8u\xfc\x7f\x8f\xfd}\xec\xaf\xd9\xba\
\xa1\xd1f`\x0d\xb0\x86b\xfc\xef\x895$\xee\xa5\xe0\
\xbe\xf1\x7f~/\xa3\xdc\xc2\x08\xbf\xe6X\x1e\x9a\xa5.\
IS\xe0\x00\x90\xaab5s\x19e>\xa3\xcc\x1b\xff\
'\xdb\xd11\xfe\xcd\x88\x89\x9dIt\x00\x9d$\x9e4\
\xfe\xefw\xa2A\xa2\xf9\xc8\x01\xbd\x81\x82\xd1\xf1\xbf6\
\x000\xcaC\x8c}\x0b\x1et\xb0\x8e\x0e\xd6z\xf3\x1c\
I\x92$I\x92$I\x92$I\x92$I\x92$I\
\x92$I\x92$I\x92$I\x92$I\x92$I\x92\
$I\x92$I\x92$I\x92$I\x92$I\x92$\
I\x92$I\x92$I\x92$I\x92$I\x92$I\
\x92$I\x92$I\x92$I\x92$I\x92$I\x92\
$I\x92$I\x92$I\x92$I\x92$I\x92$\
I\x92$I\x92$I\x92$I\x92$I\x92\xa4\xcc\
\xfd\x7fsD:p\xf1\xe8\xf6/\x00\x00\x00\x00IE\
ND\xaeB`\x82\
\x00\x00,v\
\x89\
PNG\x0d\x0a\x1a\x0a\x00\x00\x00\x0dIHDR\x00\
\x00\x02\x00\x00\x00\x02\x00\x08\x06\x00\x00\x00\xf4x\xd4\xfa\
\x00\x00\x00\x01sRGB\x00\xae\xce\x1c\xe9\x00\x00\x00\
\x04gAMA\x00\x00\xb1\x8f\x0b\xfca\x05\x00\x00\x00\
\x09pHYs\x00\x01g\xf2\x00\x01g\xf2\x01\xe3*\
\xe5\xbc\x00\x00\x00\x19tEXtSoftwa\
re\x00www.inkscape.\
org\x9b\xee<\x1a\x00\x00\x01\x87iTXtX\
ML:com.adobe.xmp\
\x00\x00\x00\x00\x00<?xpacket b\
egin='\xef\xbb\xbf' id='W\
5M0MpCehiHzreSzN\
Tczkc9d'?>\x0d\x0a<x:x\
mpmeta xmlns:x=\x22\
adobe:ns:meta/\x22>\
<rdf:RDF xmlns:r\
df=\x22http://www.w\
3.org/1999/02/22\
-rdf-syntax-ns#\x22\
><rdf:Descriptio\
n rdf:about=\x22uui\
d:faf5bdd5-ba3d-\
11da-ad31-d33d75\
182f1b\x22 xmlns:ti\
ff=\x22http://ns.ad\
obe.com/tiff/1.0\
/\x22><tiff:Orienta\
tion>1</tiff:Ori\
entation></rdf:D\
escription></rdf\
:RDF></x:xmpmeta\
>\x0d\x0a<?xpacket end\
='w'?>,\x94\x98\x0b\x00\x00*SID\
ATx^\xed\xdd{\x9c_u}\xe7\xf1\xd7\xf77\
\x99\x01\xb9\x9c\xdf\x8f\x80UP\xa9\xe0\xa5\xde@-h\
+\xe0e$3\x93 \xd8h5\xd5\xf5n\x85>\xac\
\xf7K\xd7]\xb7.\xd5\xad\xee\xaa\xab(\xdbm+\x15\
i\xd1^\x08V\xad\xa6!3\x03\x86\xad\x80\xd5\x22\x15\
AP\xaa\x88\xa8\xe0\x85\x90s\x0eJB\x92\x99\xef\xfe\
1C\x0b_I\x98L\xe6\xf2=\xe7\xf7z>\x1ey\
 \xef\xcf!\x0f\xf9\x01\xf3}\xff\xbe\xe7\x06\x92$I\
\x92$I\x92$I\x92$I\x92$I\x92$I\x92\
$I\x92$I\x92$I\x92$I\x92$I\x92$\
I\x92$I\x92$I\x92$I\x92$I\x92$I\
\x92$I\x92$I\x92$I\x92$I\x92$I\x92\
$I\x92$I\x92$I\x92$I\x92$I\x92$\
I\x92$I\x92$I\x92$I\x92$I\x92$I\
\x92$I\x92$I\x92$I\x92\xa4\xd6\x0ai \xa9\
\x81\x22\x81K9\x94\xed\x1cJ\x87\x83\x00\xe8p0\xb0\
\x82i:\x04\xba\xb3G\xeeO\xe4\x01\x00\x04\x0a \x12\
\xb9c\xf6\xcf\xb7\x01\xdbg\x7f\xbf\x8a\x0e\xd3\xc0.\xa6\
g\xe7\xd3\xfc\x9c\xfd\xd9\xc2\xb3\xd8B \xce\xfe~\x92\
\x1a\xca\x02 \xe5j#\x05C<\x9ci\x1eN\xe4\x81\
tx \xd3\x1cF\xe0P\xb8\xc7\xaf8\xf3\xc7\xd8+\
\x96\xe4\xbf\xe7P\xd6\x11\xd8B`\x0bp\x1b\x91-0\
\xfb+p\x1b\x91\xdb\x80\x9f\x12\xb8\x89;\xb9\x89\xb5\xb3\
\x05BRV\x96\xe4\x07\x86\xa4\xfb\xb0\x91\xfd\x18\xe4!\
\xc0\xd1Ls4p4\x81\xa3\x81#\x88\x1c\x0e\x1c\xb5\
T\x8b\xfab\x0aU\xbd\x95\xc8\xad\xc0-\x04n\x84\xd9\
_\x91\x1b\xd9\xc6\x0d\x16\x04iy4\xfe\x87\x8b\x94\xbd\
\xf5\x0c\xd1\xe5q\x04\x8e\x01\x8e\x01\x9eH\xe4\x09\xb1W\
\x1c\x91\x1e\xda\x8fBY\xff\x08\xb8\x96\xc0\xd5D\xae!\
r\x0d5\xd7\xb3\x8e\x1d\xe9\xb1\x92\x16\x8e\x05@ZH\
\x13\x1cA\xe0qD\x1eO\xe4\xb8\xbb\xffw\xec\x15\xfb\
\xa7\x87j\xf7BY\xef\x02n&p\x1d\x91\xaf\x11\xf8\
&S\x5c\xc7j\xae\xf3\xfa\x03iaX\x00\xa4\xf9\xda\
\xcc\x0av\xf0D\x02'\x119\x0exf\xec\x15G\xa6\
\x87i\xe1\x84\xb2\xfe\x09\x81\x7f\x01.#p9+\xb8\
\x92\xe1\xd9\x0b\x17%\xed\x15\x0b\x804W\x1b)\x18\xe4\
\xa9Ls\x12p\x22pb\xec\x153W\xd4kY\x84\
\xb2\xdeI\xe0\x1b\xc0\xe5\xc0e\x0c\xb2\x99anK\x8f\
\x93\xf4\xcb,\x00\xd2\xeel\xa6\xc7NF\x88\x8c\x00'\
\x01\x8fi\xc3Eym6{\x87\xc2\xf5\x04.#0\
\x01\x5c\xcc\x08Uz\x9c$\x0b\x80to\x17\xf1x\x06\
8\x95\xc8*\x02\xcf\x88\xddb(=D\xcd\x11\xaaz\
\x0a\xf8:\x91\x0d\xc0\x17\x18\xe5*\xaf!\x90fX\x00\
\xd4\xdf6\xb1\x92\x0e'\x03\xab\x88<'\xf6\x8a\x87\xa4\
\x87\xa8=BU\xff\x0c\xb8\x94\xc0\x06\xee\xe2\x0b\x9c\xca\
\xd6\xf4\x18\xa9_X\x00\xd4\x7f.\xe2\xe1tX\x07\xac\
%\xf0\xd4\xd8-\x06\xd2C\xd4~\xb3\xbb\x03\xff\x0c|\
\x8e\x01.\xe4d\xbe\x9f\x1e#\xb5\x99\x05@\xfda#\
\x0fe\x05\xbf\x0d\xbc\x90\xc8\x09\x9e\xcbW*\x94\xf5u\
\xc0\x85t8\x9f\x11nL\xe7R\xdb\xf8CP\xed\xb5\
\x99\xc3\xd8\xc1\xf3\x09\xbc\xdcE_s\x15\xaaz\x1a\xf8\
2p!p!\xa3\xdc\x92\x1e#\xb5\x81?\x10\xd5.\
\x1by \x03\xac#\xb0\x0e8)v\x8bNz\x884\
W\xa1\xaa\xa7\x88|\x89\xc0\x05\x04.d\x84-\xe91\
RSY\x00\xd4|g\xd2\xe1$\x9e\xcd4/\x07^\
\xe0\xbd\xf9Z\x0c\xa1\xaaw\x00\xff@\xe0\x1cVq\x89\
w\x13\xa8\xe9,\x00j\xae\xcd<\x98\x9d\xbc\x82\xc8\xe9\
\xb1W<\x22\x1dK\x8b%T\xf5\x0f\x88\xfc\x0d\x91\xff\
\xcbj~\x90\xce\xa5&\xb0\x00\xa8Y\xee\xfe\xb6\x1f9\
\x83\xc8\xda\xd8+\x06\xd3C\xa4\xa52{\x8a`3\x81\
s\x18\xe4\xb3\x0c\xb3+=F\xca\x95\x05@\xcd0\xc1\
\x11D\xce \xf0\xea\xd8-\x1e\x96\x8e\xa5\xe5\x16\xca\xfa\
f\x02\x9f`\x8asX\xc3\xad\xe9\x5c\xca\x8d\x05@y\
\xbb\x98c\x99\xe6uD^\xee\x1b\xf5\xd4\x04\xa1\xaaw\
\x10\xb9\x80\xc0\x07\x19\xe5\x9at.\xe5\xc2\x02\xa0<M\
r\x12\x91w\xcc>\x9d\xcf\x7fO\xd5H\xa1\xaa/'\
\xf2~F\xd9\xe0E\x83\xca\x8d?X\x95\x8f\xf5\x0cq\
\x08/b\x9a\xb7\xc7^qL:\x96\x9a*\x94\xf57\
\x80\xff\xcb\x10\xe7\xfb\xfab\xe5\xc2\x02\xa0\xe5\xb7\x91\x82\
\x15\xbc\x0ax{\xec\x16\x0fM\xc7R[\x84\xb2\xfe1\
\xf01\x22g\xb3\x9a\xdb\xd3\xb9\xb4\x94,\x00Z>\x1b\
8\x84A\xde\x0e\xbc1\xf6\x8a\x83\xd2\xb1\xd4V\xa1\xaa\
k\xe0\xa3\x0c\xf2a\x86)\xd3\xb9\xb4\x14,\x00Zz\
\x9b9\x88\x9d\xbc\x8e\xc8\x7f\x89\xbd\xa2\x97\x8e\xa5~\x11\
\xaa\xfa\x0e\x22\x7fJ\x87\xff\xc9\x08U:\x97\x16\x93\x05\
@Kg\x9c\x03\x09\xbc\x06xg\xec\x16\xbf\x92\x8e\xa5\
~\x15\xcaz\x0b\xf0'l\xe3C\xac\xe5\x8et.-\
\x06\x0b\x80\x16\xdfz\x86\xe8\xf2J\x02\x7f\x14\xbb\xc5\xe1\
\xe9X\xd2\x8cP\xd5?\x03>\xc4A\x9c\xcd\x09lK\
\xe7\xd2B\xb2\x00h\xf1\xcc,\xfc\xa7\x03\xef\x8c\xbd\xe2\
\x88t,\xe9\xbe\x85\xaa\xfe!\xf0^Vr.\xc7\xb3\
3\x9dK\x0b\xc1\x02\xa0\xc51\xc9*\xa69;\xf6\x8a\
\xc7\xa6#Is\x13\xca\xfa\xdf\x08\xfc7F\xb90\x9d\
I\xfb\xca\x02\xa0\x85\xb5\x89\xc7\xd0\xe1\xc3\xb1[\xacI\
G\x92\xe6'\x94\xf5%\x04\xde\xe2\x93\x05\xb5\x90,\x00\
Z\x18\x9bXI\x873\x89\xfc~\xec\x15+\xd2\xb1\xa4\
}\x13\xcaz\x17\x81O\xb0\x8b?\xe4\x14~\x96\xce\xa5\
\xbde\x01\xd0\xbe\xb9\x92A\xb6\xf0*\xe0\xbd\xb1W\x1c\
\x96\x8e%-\xacP\xd5[\x81\xf7Sr\x16\xeb\xd8\x91\
\xce\xa5\xb9\xb2\x00h\xfe&YE\xe4\xac\xd8-\x9e\x90\
\x8e$-\xaeP\xd5\xdf\x06\xde\xc6(\xff\x98\xce\xa4\xb9\
\xb0\x00h\xefm\xe4\xa1\xac\xe0Oc\xb78-\x1dI\
ZZ\xa1\xaa?\x0b\xbc\x9eQnIg\xd2\x9et\xd2\
@\xda\xadH`\x9c3X\xc17]\xfc\xa5<\xc4n\
\xf1<\x22\xd71\xc1\x9b8\xd3\x9f\xe9\x9a;w\x004\
7\x9bx$\x1d\xce\x89\xddb8\x1dI\xcaC(\xeb\
\xcb\x88\x9c\xcej\xbe\x95\xce\xa4\x94\x05@{\xb6\x99\x15\
\xec\xe4m\xc0\xbbc\xb7\xd8/\x1dK\xcaK(\xeb\xed\
\xc0\xfb\xa9x\x9f\x17\x09jO,\x00\xda\xbdI\x9eL\
\xe4\xe3\xb1[\xfcz:\x92\x94\xb7P\xd6\xd7\x10y\x0d\
\xab\xf9j:\x93\xb0\x00\xe8>\x8ds \xf0^\x02\xaf\
\x8f\xddb \x1dKj\x86P\xd5S\xc0G\xd9\xce\xbb\
x.w\xa6s\xf57\x0b\x80\xeem\x82\xe3\x89\xfcu\
\xec\x15\x8fNG\x92\x9a)T\xf5\xb7\x98\xe2%\xac\xe1\
\xaat\xa6\xfee\x01\xd0\x8cH`\x927\x02\x1f\x88\xdd\
b(\x1dKj\xb6P\xd6\xbb\x80\xf7R\xf1?X\xc7\
T:W\xff\xb1\x00\x08&9\x92i\xce\x8f\xbd\xe2\x99\
\xe9HR\xbb\x84\xaa\xde\xcc.^\xce)\xfc0\x9d\xa9\
\xbfx\xcfh\xbf\x1b\xe7\x05D\xfe\xd5\xc5_\xea\x0f\xb1\
[\x0c3\xc0\xb5L\xf0\x9f\xd2\x99\xfa\x8b;\x00\xfdj\
#\x05+\xf8`\xec\x16g\xa4#I\xfd!\x94\xf5'\
\xd9\xc6\xebX\xcb\x1d\xe9L\xedg\x01\xe8G\x9b8\x81\
\x0e\x9f\x8a\xdd\xe2\xa8t$\xa9\xbf\x84\xaa\xfe\x0e\x91\x97\
2\xc6W\xd2\x99\xda\xcdS\x00\xfdf\x9c3\x08\x5c\xea\
\xe2/\x89\x99S\x02\x8f\x04.c\x82w\xa43\xb5\x9b\
;\x00\xfdb3\x07\xb1\x93\x8f\xc7n\xf1;\xe9H\x92\
\x989%\xf0\xb7\xc0\xe9\x8c\xf1\x8bt\xa6\xf6\xb1\x00\xf4\
\x83M<\x92\xc0gb\xaf8&\x1dI\xd2=\x85\xb2\
\xfe\x06+x>'\xf3\xddt\xa6v\xf1\x14@\xdbM\
\xf0\x1c\x02\xff\xe2\xe2/i.b\xaf8\x96)\xaeb\
\x9c\xe7\xa53\xb5\x8b\x05\xa0\xad\x22a\xf6\x9c\xde\xe7c\
\xaf\xe8\xa5cI\xda\x9d\xd8-\x0a\xe0\xef\x19\xe7\x7f\xf9\
\x8a\xe1\xf6\xf2\x14@\x1bmb%\x81\xbf\x8e\xbdbu\
:\x92\xa4\xbd\x11\xcaz#;y)\xa7\xb25\x9d\xa9\
\xd9,\x00ms\x11\x8fg\x80/x\x95\xbf\xa4\x85\x12\
\xca\xfa\xbb\x04Nc\x94\xeb\xd3\x99\x9a\xcb\xad\x9d6\x99\
\xe0d:\x5c\xe6\xe2/i!\xc5^\xf1\x08\x22W\xb0\
\x89\xe1t\xa6\xe6\xb2\x00\xb4\xc58\xaf$r\x91\xe7\xfb\
%-\x86\xd8+z\x04&\x18\xc7\xa7\x87\xb6\x84\xa7\x00\
\x9an\xe6b\xbf3c\xaf83\x1dI\xd2b\x08U\
}6#\xbc\x99@Lgj\x0e\x0b@\x93\xadg\x88\
\x1e\xe7\xc6n\xf1\xd2t$I\x8b)\x94\xf5z\x86x\
\x05\xc3lOgj\x06\x0b@Sm\xe0\x10\x06\xf9L\
\xec\x15\xcfJG\x92\xb4\x14BU_\xce k\x19\xe6\
\xb6t\xa6\xfcY\x00\x9ah\x9c\xa3\x08l\x8c\xdd\xe21\
\xe9H\x92\x96R\xa8\xea\xef\x00\xa70\xca\xbf\xa53\xe5\
\xcd\x02\xd04\x93<\x99\xc8\xa6\xd8-~%\x1dI\xd2\
r\x08e\xfd\x13\x22c\xac\xe6\xeat\xa6|y\x17@\
\x93L\xf2\x14\x22\x17\xbb\xf8K\xcaI\xec\x15\x0f\x22p\
)\x93<-\x9d)_\x16\x80\xa6\x18\xe7\x19D.\x89\
\xddbe:\x92\xa4\xe5\x16{E\x8f\xc8$\x13\x9c\x9c\
\xce\x94'\x0b@\x13\x8c\xb3\x06\xd8\x14\xbb\xc5\xc1\xe9H\
\x92r\x11\xbb\xc5\x81\xc0\xe7\x99\xc4\xc7\x907\x80\x05 \
w\xe3\x9cF\xe0\xb3\xb1W< \x1dIRnb\xb7\
8\x80\xc8?0\xc9o\xa73\xe5\xc5\x02\x90\xb3\x09^\
\x0c|&v\x8b\xfd\xd2\x91$\xe5*v\x8b!\x22\x17\
0\xce+\xd2\x99\xf2a\x01\xc8\xd5\xcc\xe36?\x15{\
\xc5\x8at$I\xb9\x8b\xddb\x008\x8f\x09^\x9f\xce\
\x94\x07\x0b@\x8e&x\x13\xf0\xe7\xb1[\xf8\xcfGR\
c\xc5^\x11\x88\x9c\xcd$oHgZ~>\x07 \
7\x13\xbc\x8a\xc8\xb9\xb1W\xf8\xcfFR+\x84\xb2\x8e\
\xc0k\x19\xe3c\xe9L\xcb\xc7E&'\xe3\xbc\x94\xc0\
_\xf9\xcd_R\xdb\x84\xaa\x9ef\x9a\x97\xb3\x9a\xbfN\
gZ\x1e\x16\x80\x5clb-\x81\x0b=\xe7/\xa9\xad\
BUO\x01/f\x94\x0b\xd3\x99\x96\x9e\x05 \x07\xe3\
\x8c\x12\xf8\xbcW\xfbKj\xbbP\xd5;\x80\xe71\xca\
\xc6t\xa6\xa5e\x01Xn\xe3\x9cH`|\xf6\x01\x1a\
\x92\xd4z\xa1\xac\xb7\xd1\xe1\x14F\xb84\x9di\xe9X\
\x00\x96\xd38\xbfA`\xd2'\xfcI\xea7\xa1\xaak\
\xa6\x19a5_MgZ\x1a\x16\x80\xe5\xb2\x89'\xd2\
\xe1\x8b>\xdb_R\xbf\x0ae]2\xcd\xc9\xac\xe1\xaa\
t\xa6\xc5g\x01X\x0e\x93\x1cM\xe4\xcb\xbe\xd5OR\
\xbf\x0be\xfdc\xa6y\x1ak\xb8)\x9diqy\xbb\
\xd9R\xdb\xc4J\x22\x1b]\xfc%\x09b\xafx0\x1d\
6\xb2\x81C\xd2\x99\x16\x97\x05`)]\xc9 \x1d.\
\x8c\xdd\xe2\xd7\xd2\x91$\xf5\xab\xd8+\x1e\xcb \x9fe\
#\xde\x09\xb5\x84,\x00K%\x12\xd8\xc2\xb9\xb1[<\
;\x1dIR\xbf\x8b\xbd\xe2\x99\x0cp\x1e\xd1S\xd3K\
\xc5\x02\xb0T&yO\xec\x15/KcI\xd2\x8c\xd8\
+^\xcc$\xefJs-\x0e\x9b\xd6R\x98\xe0U\xb1\
[|\x22\x8d%I\xf7\x16\xca:\xd2\xe1\x95\x8cp~\
:\xd3\xc2\xb2\x00,\xb6I\x9eEd<v\x8b\xa1t\
$I\xfae\xa1\xacw\x12X\xc3(\x97\xa43-\x1c\
\x0b\xc0b\xba\x98\xc71\xc5\xe5\xb1W\xf4\xd2\x91$i\
\xf7BU\xd7\xc0I\x8crM:\xd3\xc2\xb0\x00,\x96\
M\xac\xa4\xc3\x95\xb1[\x1c\x95\x8e$I\xf7/T\xf5\
w\x18\xe4)\x0cS\xa63\xed;/\x02\x5c\x0cg\xd2\
\xa1\xc3\xa7\x5c\xfc%i\xfeb\xb7x$;\xb9\x80\xf5\
\x0c\xa43\xed;\x0b\xc0b8\x81\xf7\xc4n\xb1&\x8d\
%I{'v\x8bQz\xfca\x9ak\xdfy\x0a`\
\xa1\x8ds\x1a\x81\xcf\xc5na\xb9\x92\xa4\x05\x10\xaaz\
\x1ax.\xa3\xfcc:\xd3\xfcY\x00\x16\xd2\x04\x8f\x22\
\xf2U/\xfa\x93\xa4\x85\x15\xaaz+\x03<\x85\x93\xf9\
n:\xd3\xfc\xf8-u\xa1\x8cs \xf0\x19\x17\x7fI\
Zx\xb1[\x1c\xc2.>\xc3\xe79 \x9di~,\
\x00\x0b%pn\xec\x16OHcI\xd2\xc2\x88\xbd\xe2\
X\xf6\xe3/\xd2\x5c\xf3c\x01X\x08\x13\xbc-v\x8b\
\xdfIcI\xd2\xc2\x8a\xbd\xe2?1\xc9\x1b\xd2\x5c{\
\xcfk\x00\xf6\xd5&N \xf0\xffb\xafX\x91\x8e$\
I\x0b/\x94\xf5N\x22'\xb1\x9a\xaf\xa63\xcd\x9d\x05\
`_l\xe6 vpU\xec\x15\x8fJG\x92\xa4\xc5\
\x13\xca\xfaF\xb6\xf1$\xd6rG:\xd3\xdcx\x0a`\
_\xec\xe0O]\xfc%i\xe9\xc5^q4\x07\xf0\x91\
4\xd7\xdc\xb9\x030_\xe3\xbc \xf6\x8a\x0b\xd3X\x92\
\xb4t\xc2\xd6\xfaE\xac\xe6\x824\xd7\xfd\xb3\x00\xcc\xc7\
F\x1e\xca\x0a\xae\x8e\xddbe:\x92$-\x9dP\xd6\
%\x1d\x9e\xc8\x087\xa73\xed\x99\xa7\x00\xf6\xd6\x99t\
X\xc1\xf9.\xfe\x92\xb4\xfcb\xaf\xe8\x11\xf9\xa4\xef\x0b\
\xd8{\x16\x80\xbdu\x22\xff%v\x8b\xe14\x96$-\
\x8f\xd8-\x9eA\x97\xb7\xa5\xb9\xf6\xccS\x00{c\x9c\
\xe3\x08\x5c\x11\xbb\xc5P:\x92$-\x1fo\x0d\xdc{\
\x16\x80\xb9\x9ay\xd4\xefU\xb1W<:\x1dI\x92\x96\
_\xa8\xeao\xb1\x9d\xe3x.w\xa63\xfd2O\x01\
\xcc\xdd{]\xfc%)_\xb1[<\x86\xfdxw\x9a\
\xeb\xbe\xb9\x030\x17\x9bx*\x1d\xae\x88\xdd\xc2\x8bL\
$)c\xa1\xaa\xa7\x80\xdfd\x94+\xd3\x99\xee\xcd\x1d\
\x80\xfb\xb3\x99\x15t\xf8\x98\x8b\xbf$\xe5/v\x8b\x01\
\x22\xe7r%\x83\xe9L\xf7f\x01\xb8?;yg\xec\
\x16OJcIR\x9eb\xaf8\x96-\xbc=\xcdu\
o\x9e\x02\xd8\x93\x8b\xf85:|=\xf6\x8a\xfd\xd3\x91\
$)_\xa1\xaa\xef\x02\x9e\xcc(\xd7\xa73\xcdp\x07\
`w\xce\xa4C\x87\x8f\xbb\xf8KR\xf3\xc4n\xb1\x1f\
\x91?#\xfaEww,\x00\xbbs\x02\xaf\x8d\xbd\xe2\
\xa44\x96$5C\xec\x15\xcfd\x92\xd7\xa4\xb9f\xd8\
\x8c\xee\xcb\x04G\x10\xf9f\xec\x15\xbdt$Ij\x8e\
P\xd55\x1d\x1e\xc7*~\x94\xce\xfa\x9d;\x00\xf7\xed\
\xcf]\xfc%\xa9\xf9b\xb7(\x98\xe2\xec4\x97;\x00\
\xbfl\x82\xe7\xc4n\xb1!\x8d%I\xcd\x15\xaaz5\
\xa3\x8c\xa7y?s\x07\xe0\x9e6\xb3\x02x\x7f\x1aK\
\x92\x1a.r\x96\xcf\x06\xb87\x0b\xc0=\xed\xe0\x0d\xb1\
[<>\x8d%I\xcd\x16{\xc5c\xd9\xc2\x19i\xde\
\xcf<\x05p\xb7M\xac\xa4\xc3\xbf\xc5n\xb12\x1dI\
\x92\x9a/T\xf5V\x02\x8fb\x84-\xe9\xac\x1f\xb9\x03\
p\xb7\xc0{]\xfc%\xa9\xbdb\xb78\x84\xc8\x7fO\
\xf3~\xe5\x0e\x00\xc0\xc5<\x8e)\xae\x8e\xbdbE:\
\x92$\xb5G(\xeb]\xc0\x93\x19\xe3\xdat\xd6o\xdc\
\x01\x00\x98\xe6,\x17\x7fIj\xbf\xd9\x9f\xf5\x1fI\xf3\
~d\x01\xd8\xc4\xda\xd8-F\xd3X\x92\xd4N\xb1W\
\x9c\xcc\x04\xcfI\xf3~\xd3\xdf\x05`=Ct\xf8`\
\x1aK\x92Z\xefC\xfd~[`\x7f\x17\x80\x1eg\xc4\
n\xf1\xc84\x96$\xb5[\xec\x16\xbf\xc6\x16^\x9d\xe6\
\xfd\xa4\x7f/\x02\xdc\xcc\xfe\xec\xe0;\xb1W<$\x1d\
I\x92\xda/\x94\xf5-\x1c\xcc#9\x81m\xe9\xac\x1f\
\xf4\xef\x0e\xc0\x0e~\xdf\xc5_\x92\xfaW\xec\x15G\xf0\
\x8b\xfe}[`\x7f\xee\x00\x8cs \xf0\xdd\xd8+\x1e\
\x94\x8e$I\xfd#\x94\xf5\x8f\xb9\x8bG\xf0\x5c\xeeL\
gm\xd7\xaf;\x00ot\xf1\x97$\xc5^\xf1`\xf6\
\xe7\xb5i\xde\x0f\xfao\x07`#\x05+\xf8\x9eO\xfd\
\x93$1\xb3\x0bp\x1b\xdb8\x9a\xb5\xdc\x91\xce\xda\xac\
\xffv\x00V\xf0\x16\x17\x7fI\xd2\xddb\xaf8\x8c\x07\
\xf0\xfa4o\xbb\xfe\xda\x01\xd8L\x8f\x9d\xdc\x18\xbb\xc5\
!\xe9H\x92\xd4\xbfBY\x97\x0cq\x14\xc3\x94\xe9\xac\
\xad\xfak\x07`\x07\x7f\xe0\xe2/IJ\xc5^\xd1c\
\x07oN\xf36\xeb\x9f\x1d\x80\x0d\x1c\xc2 7\xc7^\
qP:\x92$)\x94u\xc5\x14Gr\x0au:k\
\xa3\xfe\xd9\x01\x18\xe2\xb5.\xfe\x92\xa4\xdd\x89\xbd\xa2\xcb\
\x0a\xceH\xf3\xb6\xea\x8f\x1d\x80\xf5\x0c\xd1\xe3\xa6\xd8-\
\x0eOG\x92$\xdd-\x94\xf5\x8f\xa88\x9au\xecH\
gm\xd3\x1f;\x00=^\xe2\xe2/I\xba?\xb1W\
<\x84.\xeb\xd2\xbc\x8d\xfa\xa3\x00\xc0\x9b\xd2@\x92\xa4\
\xdd\xf8\x03b\xfbw\xc8\xdb_\x00&Y\x1d\xbb\xc5\x13\
\xd3X\x92\xa4\xfb\x12{\xc5\xb1L\xf2\xec4o\x9b\xf6\
\x17\x80i\xde\x96F\x92$\xdd\x8f\xd6\xaf\x1d\xed\xde\xe2\
\x98\xe0\x18\x22W\xc7^\xd1\xee\xbfOI\xd2\x82\x0b[\
\xeb'\xb1\x9a\xab\xd3\xbc-\xda\xbd\x03\x10\xf9\x03\x17\x7f\
I\xd2\xbc\x84v_?\xd6\xde\xc5\xf1b\x1e\xc247\
\xc6n1\x94\x8e$I\xba?\xa1\xaa\xefb\x8a\xa3X\
\xc3\xad\xe9\xac\x0d\xda\xbb\x030\xc5\xe9.\xfe\x92\xa4\xf9\
\x8a\xddb?:\xbc&\xcd\xdb\xa2\x9d\x05\xe0L:\xc0\
\xab\xd2X\x92\xa4\xbd\x128\x9d\xf5\x0c\xa4q\x1b\xb4\xb3\
\x00\x9c\xc8\x9a\xd8+\x8eLcI\x92\xf6F\xec\x16\x0f\
\xa3\xc7\xaa4o\x83v\x16\x80\xc8\xe9i$I\xd2\xbc\
\xb4tMi\xdfE\x80\x9by0;\xb89\xf6\x8a\xc1\
t$I\xd2\xde\x0ae\xbd\x8bi\x8el\xdb\xc5\x80\xed\
\xdb\x01\xd8\xc9\xab]\xfc%I\x0b%\xf6\x8a\x15tx\
Y\x9a7]\xbb\x0a\xc0\xcc\xb3\x9b\xbd\xf8O\x92\xb4\xd0\
\xceh\xdb\xfb\x01\xdaU\x00\xc6Y\x15\xbb\xc5#\xd3X\
\x92\xa4}\x11{\xc5#\xb8\x98g\xa6y\x93\xb5\xab\x00\
t\xday\xa1\x86$)\x03\xb1]\xcf\x04h\xcfv\xc6\
F\x1e\xc8\x0a~\xe8\xc3\x7f$I\x8b!\x94\xf5v\x22\
\x0fa5\xb7\xa7\xb3&j\xcf\x0e\xc0\x0a~\xc7\xc5_\
\x92\xb4Xb\xaf\xd8\x9f\xc0\x0b\xd2\xbc\xa9\xdaS\x00`\
]\x1aH\x92\xb4\xc0Z\xb3\xd6\xb4\xa3\x00\x5c\xc4\xe1\xc0\
\x89i,I\xd2\x82\x0a<\x8b\x8byP\x1a7Q;\
\x0a\xc0\x00\xbf\x13\xbbE;\xfe^$I\xd9\x8a\xddb\
\x80)~;\xcd\x9b\xa8\x1d\x8bfl\xcf\x96\x8c$)\
{\xadXs\x9a_\x006\xf10\xe07\xd3X\x92\xa4\
E\x11x:\x13\x1c\x91\xc6M\xd3\xfc\x02\xd0a]\xec\
\x15\xed\xb9\x9dQ\x92\x94\xb5\xd8-:\x84\xe6\x9f\x06h\
~\x01h\xc9V\x8c$\xa9A\xa6\x9b\xbf\xf64\xbb\x00\
\x8cs\x14\x91\xa7\xa4\xb1$I\x8b\xecD&92\x0d\
\x9b\xa4\xd9\x05 \xb8\xfd/IZz\xb1W\x04\xa6\x9b\
}\x1a\xa0\xd9\x05 \xf2[i$I\xd2\x12i\xf4\x1a\
\xd4\xdc\x02\xb0\x81C\x08<5\x8d%IZ\x22'2\
I7\x0d\x9b\xa2\xb9\x05`\x90\xb1\xd8-\x06\xd2X\x92\
\xa4\xa5\x10{\xc5\x0a\x22'\xa7yS4\xb7\x00\x04V\
\xa7\x91$IK*6w-jf\x01\x88\x04`4\
\x8d%IZR\x815\xb3kR\xe34\xb3\x00l\xe2\
\xc9\xb1[\x1c\x9e\xc6\x92$-\xa5\xd8-\x1e\xca\x04\x8f\
O\xf3&hf\x01\x18`M\x1aI\x92\xb4,\x1az\
J\xba\x99\x05\xa0\xc1\xe7\x5c$I\xad\xd3\xc8/\xa5\xcd\
+\x00\x9b\xe9\xf9\xf2\x1fIRFN\xe2s\x1c\x9c\x86\
\xb9k^\x01\xd8\xc9H\xec\x15+\xd2X\x92\xa4\xe5\x10\
\xbb\xc5\x10\x070\x9c\xe6\xb9k^\x01\x88^\xfd/I\
\xca\xceX\x1a\xe4\xaey\x05 \xf0\xf44\x92$iY\
ENJ\xa3\xdc5\xab\x00l\xe60\x22\x8fNcI\
\x92\x96U\xe0\x09M{,p\xb3\x0a\xc0NN\xf0\xed\
\x7f\x92\xa4\xdc\xc4n\xd1\x01\x9e\x96\xe69kV\x01\x88\
\x9c\x90F\x92$e!rb\x1a\xe5\xacY\x05\x80f\
}\xb8\x92\xa4\xbe\xd2\xa85\xaa9\x05`#\xfb\x01\xc7\
\xa7\xb1$I\x99\xf8\x0d\xaed0\x0ds\xd5\x9c\x020\
\xc8\xaf\xc7^\xb1\x7f\x1aK\x92\x94\x83\xd8-\x0e\xe0v\
\x9e\x98\xe6\xb9jN\x01h\xd8\xb9\x15IR_j\xcc\
\xed\x80\xcd)\x00\x0d;\xb7\x22I\xeaK\x8dY\xab\x9a\
S\x00b\xb3n\xaf\x90$\xf5\xa1\x06\xdd\xad\xd6\x8c\x02\
0\xc9\x91\xb1W<(\x8d%I\xcaI\xec\x15G0\
\xc1\x11i\x9e\xa3f\x14\x80)\x8eM#I\x92\xb2\x14\
\x9a\xb1f5\xa3\x00t\x9a\xf1aJ\x92\xc4t3\xd6\
\xacf\x14\x008&\x0d$I\xcaRh\xc6\x9a\xd5\x8c\
\x02\x10\x9b\xd1\xa6$Ij\xca\x97\xd6\xfc\x0b\xc0\xcc\x13\
\x00\x1f\x95\xc6\x92$e\xea\xb1\xacg(\x0ds\x93\x7f\
\x01\x18\xe4q\xb1W4\xe6\xd1\x8a\x92\xa4\xfe\x16\xbb\xc5\
\x10\xdd\xfc_]\x9f\x7f\x01h\xc8\xc5\x14\x92$\xfd\xbb\
\x06\xdc\x09\x90\x7f\x01h\xc8\xb9\x14I\x92\xfe]\xcc\x7f\
\xed\xca\xbf\x004\xe4jJI\x92\xee\xc1\x1d\x80\x05`\
\x01\x90$5K\x03\xbe\xbc\xe6]\x00\xc690v\x8b\
\xc3\xd3X\x92\xa4\xacE\x1e\xcaf\xb2~\x85}\xde\x05\
`\x9a\x87\xa7\x91$I\xb9\x8b\xbd\x22\xb0\x8b#\xd3<\
'y\x17\x80\xc0Qi$IR#\xc4\xbc\xd7\xb0\xbc\
\x0b@\xc7\x1d\x00IRC\xc5\xbc\xd7\xb0\xbc\x0b@\xe6\
\x1f\x9e$I{\x90\xf5\x1a\x96w\x01\xc8\xfc\xc3\x93$\
i\xb72?\x8d\x9dw\x01\xc8\xfc\xc3\x93$i\x0f\xb2\
\xfe\x12\x9bw\x01\xc8\xfc\xc3\x93$i\x0f\xb2\xfe\x12\x1b\
\xd2 \x1b\x9f\xe3\xe0xxQ\xa7\xb1$IM\x11\xee\
\xac\x0ff\x98\x9f\xa7y\x0e\xf2\xdd\x01\xd8\x9f\xa3\xd3H\
\x92\xa4F\xd9\xce\xaf\xa6Q.\xf2-\x00\x9d|?4\
I\x92\xe6d \xdfS\xd9\xf9\x16\x00xP\x1aH\x92\
\xd40\xbf\x92\x06\xb9\xc8\xb7\x00D\x0eK#I\x92\x1a\
%\xe3\xb5,\xdf\x02\x00\x87\xa6\x81$I\x0d\x93\xedZ\
\x96o\x01\x08\xf9~h\x92$\xcdQ\xb6kY\xbe\x05\
\x80|\xb7M$I\x9a\x93\x90\xefZ\x96o\x01\x88\xf9\
\xb6&I\x92\xe6(\xdb\xb5,\xdf\x02\xe0\x0e\x80$\xa9\
\xe9\xbc\x08p\x1e\xbc\x06@\x92\xd4t\x19\xafey\x16\
\x80\xf5\x0c\x00\xbd4\x96$\xa9Q\x22+\x89y>v\
?\xcf\x02\xf0@\x0e\x89\xdd\x22\xcf\xffo\x92$\xcdQ\
\xec\x15+\xb8\x94n\x9a\xe7 \xcfEv{\xbe[&\
\x92$\xed\x95\xbb\xf2\xbc\x0e \xcf\x02\xb0\x82\x03\xd2H\
\x92\xa4F\xea\xf0\x804\xcaA\x9e\x05 \xb2_\x1aI\
\x92\xd4PY\xaei\xb9\x16\x80\xa14\x92$\xa9\x91\xa6\
\xf3\x5c\xd3\xf2,\x00\x9d<?,I\x92\xe6\xc1\x1d\x80\
9\xf3\x14\x80$\xa9-2\xfdR\x9bk\x01\xc8\xf2\xc3\
\x92$i\x1e\xb2\xfcR\x9bg\x01\xc8\xf4\xc3\x92$i\
\x1e\xb2\x5c\xd3\xf2,\x00\x99n\x97H\x92\xb4\xd7\xbc\x08\
p/x\x0a@\x92\xd4\x1e\xee\x00\xcc\x99\x17\x01J\x92\
\xda\x22\xd3]\xed<\x0b\x00y~X\x92$\xcdC\x96\
_js-\x00\x92$i\x11\xe5Z\x00v\xa4\x81$\
I\x0duW\x1a\xe4 \xcf\x02\x10\xf2\xfc\xb0$I\xda\
k\xd3y~\xa9\xcd\xb5\x00d\xf9aI\x924\x0fY\
~\xa9\xcd\xb3\x00L\xe5\xf9aI\x92\xb4\xd7:y~\
\xa9\xcd\xb3\x00\xb8\x03 Ij\x8f,\xbf\xd4Z\x00$\
IZ\x5c\x16\x809\xf3\x22@IR[x\x11\xe0^\
\xc8\xf4\xc3\x92$i\x1e\xb2\xfcR\x9bg\x01\xc8\xf4\xc3\
\x92$i\xafy\x11\xe0^\xc8\xf4\xc3\x92$i\x1e\xb2\
\xfcR\x9bg\x01\x80_\xa4\x81$I\x8d4\xc0\x9di\
\x94\x83\x5c\x0b\xc0\x964\x90$\xa9\x91\xa6\xb9-\x8dr\
\x90g\x01\xb8\x8c\xad\xa1\xaa\xa7\xd2X\x92\xa4&\x09e\
\xbd\x93U\xd4i\x9e\x83<\x0b\xc0\xbb\x99&R\xa6\xb1\
$I\x0ds;\x81\x98\x869\xc8\xb3\x00\x00\x84<\xb7\
L$I\x9a\xb3\x8c\xd7\xb2|\x0b\x80\xd7\x01H\x92\x9a\
/\xdb\xb5,\xdf\x02\x10\xf3mM\x92$\xcdI\xc6k\
Y\xbe\x05 \xe3\xd6$I\xd2\x1ce\xbb\x96\xe5[\x00\
2>o\x22I\xd2\x9cd\xbc\x96\xe5[\x002nM\
\x92$\xcdQ\xb6k\x99\x05@\x92\xa4\xc5\x12\xf3]\xcb\
\xf2-\x00\x91\x9f\xa4\x91$I\x8d\x12\xf8i\x1a\xe5\x22\
\xdf\x020\xc0\xf7\xd3H\x92\xa4F\xe9pS\x1a\xe5\x22\
\xdf\x02\xf0s\xbe\x97F\x92$5\xcaT\xbe_f\xf3\
-\x00k\xb9#T\xf5\xedi,IR\x13\x84\xb2\xfe\
\x09c\xf9\xbe\xdd6\xdf\x020\xc3]\x00IR3\x85\
|\xb7\xff\xc9\xbe\x00\xc4\xbc?<I\x92\xf6 \xeb/\
\xb1y\x17\x80\xcc?<I\x92v+\xf3/\xb1\xb9\x17\
\x80\xac?<I\x92\xf6 \xeb/\xb1y\x17\x80\xcc\xcf\
\x9fH\x92\xb4\x07Y\xafay\x17\x80N\xde\xedI\x92\
\xa4\xdd\x0ay\xafay\x17\x80\x03\xf8^(\xeb\x98\xc6\
\x92$\xe5,\x94ud\x90\x1f\xa4yN\xf2.\x00'\
\xb0\x0d\xb85\x8d%I\xca\xdc\x0f\x18f{\x1a\xe6$\
\xef\x020\xe3\x1bi IR\xd6\x02W\xa7Qn\xf2\
/\x00\xc1\x02 Ij\x98\xc85i\x94\x9b\xfc\x0b@\
\x03>DI\x92\x12\xd9\xaf]\x16\x00I\x92\x16\xda@\
\xfe\xbb\xd7\xf9\x17\x80\x9a\xebCU\xefHcI\x92r\
\x14\xaa\xfa.\x06\xb8!\xcds\x93\x7f\x01X\xc7\x0e\xc8\
\xff\x83\x94$\x09\x80\xc8u\x0c\xb3+\x8ds\x93\x7f\x01\
\x00\x88\xf9o\xa5H\x924\xab\x11\xa7\xae\x9bQ\x00:\
\xcd\xf80%I\x224c\xcdjF\x01p\x07@\x92\
\xd4\x14\x0dY\xb3\x9aQ\x00v5\xe3\xc3\x94$\x89\xa1\
f\xacY\xcd(\x00\xa7\xf0\xc3P\xd5>\x12X\x92\x94\
\xb5P\xd6\xb70\xcc\x8f\xd3<G\xcd(\x00\x00\x91/\
\xa7\x91$IY\x09|)\x8dr\xd5\x9c\x02\x00\x97\xa7\
\x81$IY\x09\xcdY\xab,\x00\x92$-\x94]\xcd\
Y\xab\x9aS\x00\x0e\xe5\xaaP\xd5w\xa6\xb1$I9\
\x08U\xfd\x0b\xf6o\xc6\x05\x804\xaa\x00\x1c\xcfN\xe0\
\xca4\x96$)\x0b\x91/7\xe1\x09\x80wkN\x01\
\x98\xd1\x98\xad\x15IR\xdfi\xd4\x1ae\x01\x90$i\
!\xc4f\xadQ\xcd*\x00;\xb8\x22T\xf5t\x1aK\
\x92\xb4\x9cBUO1\xc0W\xd3<g\xcd*\x00\xa7\
\xb2\x95\xc8\xb7\xd2X\x92\xa4e\x15\xf9\x06#Ti\x9c\
\xb3f\x15\x00\x80\xc0ei$I\xd22k\xd4\xf6?\
\x0d-\x00\x13i$I\xd22k\xdc\xda\xd4\xbc\x02\xb0\
\x93\xc9P\xd6;\xd3X\x92\xa4\xe5\x10\xaaz\x07Cl\
N\xf3\xdc5\xaf\x00\x9cBM\xe0\x9f\xd3X\x92\xa4e\
\x11\xf9'\x86\xf9y\x1a\xe7\xaey\x05\x00 rQ\x1a\
I\x92\xb4,\x02\x9b\xd2\xa8\x09\x9aY\x00\xb0\x00H\x92\
2\xd1i\xe6\x9a\x14\xd2\xa0\x11\x22\x81\x09~\x18{\xc5\
\x11\xe9H\x92\xa4\xa5\x12\xaa\xfa\x07\x8crd\x9a7A\
3w\x00\xc2l\x05\x90$iymL\x83\xa6hf\
\x01\x98\xd1\xc8-\x17IR\x8bL7\xf3\xfc?\x8d.\
\x00;\x98\x0ce\xdd\x98\xb7.I\x92\xda%\x94\xf5N\
\x06\x9aw\xfb\xdf\xdd\x9a[\x00Ne+\x81\xaf\xa4\xb1\
$IK\xe4\xf2\xa6=\xfe\xf7\x9e\x9a[\x00f|.\
\x0d$IZ\x22\x9fM\x83&iv\x01\x98\xe6\x82P\
\xd61\x8d%IZL\xa1\xaa\xa7\x19\xe0\xef\xd3\xbcI\
\x9a]\x00V\xf3\x03\xf0\xa9\x80\x92\xa4%\x16\xf9\x12\xab\
\xf8Q\x1a7I\xb3\x0b\x00@`}\x1aI\x92\xb4\xc8\
\x1a\xbf\xf64\xbf\x00LqA\xa8\xea\xe94\x96$i\
1\x84\xaa\x9ef\xba\xd9\xe7\xffiE\x01X\xc3\xadD\
\xaeHcI\x92\x16\xc9\xa5\xac\xe1\xd64l\x9a\xe6\x17\
\x00\x80\xc0\x05i$I\xd2\xa2\x88\xedXs\xdaQ\x00\
\x06\xf9t\xa8\xea\xa94\x96$i!\xcd>\x80\xae\x15\
\xb7\xa0\xb7\xa3\x00\x0c\xf3c\x22_JcI\x92\x16T\
\xe0\x8b\x8c\xf1\xd34n\xa2v\x14\x00<\x0d IZ\
\x02\xd3\xedYk\xdaT\x00.\x0cU}W\x1aK\x92\
\xb4\x10BYoc?>\x93\xe6M\xd5\x9e\x020\xc2\
\x96\xa6?\x96Q\x92\x94\xb5O3L\x99\x86M\xd5\x9e\
\x02\x00\x10\xf9\x8b4\x92$iAL\xb7k\x8d\x09i\
\xd0h\x91\xc0\x04\xdf\x8e\xbd\xe2Q\xe9H\x92\xa4\xf9\x0a\
U\xfdmFx,\x81\xd6\xbc\x7f\xa6];\x00\x81H\
\x87O\xa4\xb1$I\xfb\xe8\xe3mZ\xfci]\x01\x00\
\x08\x9c\x17\xcazg\x1aK\x924\x1f\xa1\xaaw\x109\
?\xcd\x9b\xae}\x05`\x15?!\xb0!\x8d%I\x9a\
\xa7\x7fh\xcb\xbd\xff\xf7\xd4\xbe\x02\x80\x17\x03J\x92\x16\
P\xcb.\xfe\xbb[;\x0b\xc0\x15\x8c\x87\xb2\xfe~\x1a\
K\x92\xb47BU\xdf\xc4\x97\xb9$\xcd\xdb\xa0\x9d\x05\
\xe0\xddL\x138/\x8d%I\xda+\x91sy7\xad\
|\xe5|;\x0b\x00@\x87?\x0fe\xbd=\x8d%I\
\x9a\x8bP\xd5w1\xcd\xb9i\xde\x16\xed-\x003\x17\
\x03\xfe]\x1aK\x924'\x91O\xb2\x86[\xd3\xb8-\
\xda[\x00\x00\x22\x1f\x0ae\xdd\xaa\xfb6%I\x8b/\
\x94ud\x80\xb3\xd2\xbcM\xda]\x00\xc6\xb8\x16\x18O\
cI\x92\xf6(\xf0\x8f\xac\xe2\xba4n\x93v\x17\x00\
\x80\x0e\x1fJ#I\x92\xf6(\xb4\x7f\xedh\xd7\xbb\x00\
vg\x9c\xabb\xafxr\x1aK\x92\x94\x0aU\xfd5\
F9>\xcd\xdb\xa6\xfd;\x00\x00\xa1\xdd\xe7q$I\
\x0b(\xf2\xbf\xd3\xa8\x8d\xfa\xa3\x00\xac\xe4\xefBU\xff\
 \x8d%I\xba\xa7P\xd6\xdfg\x88O\xa7y\x1b\xf5\
G\x018\x9e\x9dD\xfe$\x8d%I\xba\x97\xc0G\x18\
fW\x1a\xb7Q\x7f\x14\x00\x80!\xce\x09U]\xa7\xb1\
$I\xcc|\xfb/\xb9\xb3\xbd\x0f\xfeI\xf5O\x01\x18\
\xa6\x04>\x9a\xc6\x92$\xcd\xfa0k\xb9#\x0d\xdb\xaa\
\x7f\x0a\x003\xb7u\x84\xaa\xbe=\x8d%I\xfd-\x94\
\xf5\x16\xa6\xfa\xebKb\x7f\x15\x80\x11*\xa2w\x04H\
\x92~\xc9\x078\x85\xbe:M\xdc_\x05\x00`\x88\x8f\
\x84\xaa\xfei\x1aK\x92\xfaS\xa8\xea\x9f1\xc4\x9f\xa6\
y\xdb\xf5_\x01\x18\xe6\xe7\xc4\xf6?\xe1I\x924g\
\xefc\x98\x9f\xa7a\xdb\xf5\xc7\x93\x00SW\xf0\x00\xee\
\xe0;\xb1W\x1c\x91\x8e$I\xfd#T\xf5\xad\x1c\xc4\
#8\x81m\xe9\xac\xed\xfao\x07\x00\xe0\x04\xb6\x11\xf8\
@\x1aK\x92\xfaL\xe4\x8f\xfbq\xf1\xa7o\x0b\x00\xc0\
 \x1f\x0bU\xfd\xc34\x96$\xf5\x87P\xd673\xd5\
?\xf7\xfd\xa7\xfa\xb7\x00\x0c\xb3\x1dx_\x1aK\x92\xfa\
\xc6{8\x85\xbb\xd2\xb0_\xf4o\x01\x00X\xc9\xc7C\
Y\xdf\x90\xc6\x92\xa4v\x0be}=C\xfcU\x9a\xf7\
\x93\xfe.\x003\xef\x08x[\x1aK\x92Z\xae\xc3[\
\xfb\xe5\x99\xff\xbb\xd3\xdf\x05\x00`5\x1bBYoJ\
cIR;\x85\xaa\xde\xc0\x08}\xffs\xdf\x02\x00\x10\
xk(\xeb\x9di,Ij\x97P\xd6;\x99\xe2\xed\
i\xde\x8f,\x00\x00\xa3\x5c\x0f\xfcy\x1aK\x92Z\xe7\
l\xd6\xf0\xed4\xecG\xfd\xf9 \xa0\xfb\xb2\x81C\x18\
\xe4\x86\xd8+\x0eKG\x92\xa4\xe6\x0bU\xfd3\x06y\
\xf4\xec\xdba\xfb\x9e;\x00w;\x95\xad\x04\xde\x9d\xc6\
\x92\xa4\x96\x88\xfc\xa1\x8b\xff\x7f\xb0\x00\xdcS\xc9\x9f\x85\
\xb2\xbe&\x8d%I\xcd\x16\xaa\xfa\x9b\x0c\xf1\x894\xef\
g\x16\x80{Z\xc7\x14\x81\xb7\xa4\xb1$\xa9\xe1\xa6y\
K\xbf\xdf\xf6\x97\xb2\x00\xa4F\xb9$T\xf5g\xd3X\
\x92\xd4L\xa1\xac\xd7\xb3\x9a\xc94\xefw\x16\x80\xfb2\
\xc5\xebBUoMcIR\xb3\x84\xb2\xae\xdc\xd9\xbd\
o\x16\x80\xfb\xb2\x86[\x89\xfc\xd74\x96$5L\xe0\
-\x8crK\x1a\xcb\xdb\x00w/\x12\x98\xe4\xe2\xd8-\
\x9e\x9d\x8e$I\xf9\x0be})\xa3<\x9b@Lg\
r\x07`\xf7\x02\x91\xc0kCY\xf7\xe5{\xa2%\xa9\
\xc9BYo#r\xba\x8b\xff\xeeY\x00\xf6d\x84\x1b\
\x08\xfcq\x1aK\x92\xb2\xf7G\xac\xe6;i\xa8\xff`\
\x01\xb8?\x83| \x94\xf5\xbf\xa6\xb1$)O\xa1\xaa\
\xaf\xe6P\xceJs\xdd\x9b\x05\xe0\xfe\x0c\xb3\x8b\x0e\xbf\
\x17\xaaz*\x1dI\x92\xf2\x12\xcaz\x17\x91\xdf\xe5x\
|\xc1\xdb\xfd\xb0\x00\xcc\xc5\x08\xff\x02|4\x8d%I\
\x99\x09|\x981\xbe\x96\xc6\xfae\x16\x80\xb9\xda\xce\xbb\
BU\x7f+\x8d%Iy\x08e}\x1d\x07\xf1Gi\
\xae\xfbf\x01\x98\xab\xe7r'S\xbc$T\xf5\x8et\
$IZ^\xa1\xaa\xef\x02^\xc2\x09x\xe7\xd6\x1cY\
\x00\xf6\xc6\x1a\xae\x02\xfe{\x1aK\x92\x96Y\xe4\x9d\x8c\
\xf1\xf54\xd6\xeeY\x00\xf6\xd6\xe5|0T\xf5\x17\xd3\
X\x92\xb4<BUOr\x05\x1fIs\xed\x99O\x02\
\x9c\x8f\x8by\x08S\x5c\x1d{\xc5\xa1\xe9H\x92\xb4t\
BUoe\x9a'\xb2\x9a\x1f\xa43\xed\x99;\x00\xf3\
\xb1\x8a\x1f\x118#\x8d%IK\xee\xf7\x5c\xfc\xe7\xc7\
\x020_\xa3|&\x94\xf5yi,IZ\x1a\xa1\xaa\
\xcfa\x94\x0b\xd3\x5csc\x01\xd87o\x08e}C\
\x1aJ\x92\x16W\xa8\xea\xefp'oOs\xcd\x9d\x05\
`_\x8c\xf1\x0b\xe0\xe5\xa1\xac}\xe2\x94$-\x91P\
\xd5;\x88\xbc\x88\xb5\xdc\x91\xce4w\x16\x80}5\xc6\
W\xe8\xf0\xb64\x96$-\x92\xc8\x1b}\xda\xdf\xbe\xf3\
.\x80\x852\xc1y\xb1[\xbc2\x8d%I\x0b'T\
\xf5\xa7\x18\xe5ei\xae\xbd\xe7\x0e\xc0B9\x88\xdf\x0f\
U}U\x1aK\x92\x16F\xa8\xea\xab\xd9\xce\xef\xa5\xb9\
\xe6\xc7\x1d\x80\x85t\x09\xbf\xca.\xbe\xe6\xf3\x01$i\
a\x85\xaa\xbe\x9d\xc0S\x18\xe1\xc6t\xa6\xf9q\x07`\
!\x9d\xcc\xf7\x89\xbc\xd8W\x07K\xd2\xc2\x09U=M\
\xe4\xa5.\xfe\x0b\xcb\x02\xb0\xd0V3\x09\xfc\x8f4\x96\
$\xcd\xdb\xbb\x18\xe3\xa24\xd4\xbe\xf1\x14\xc0b\x88\x04\
&\xf9\xfb\xd8-\x9e\x97\x8e$Is\x17\xaa\xfa\x0b\x8c\
\xf0[\x04b:\xd3\xbeq\x07`1\x04\x22;\xf8\xdd\
P\xd6\xdfMG\x92\xa4\xb9\x09e}\x03\x81\x97\xb9\xf8\
/\x0e\x0b\xc0b9\x95\xad\x04N\x0bU\xbd5\x1dI\
\x92\xf6,T\xf5\xedL\xf3\x5cF\xa8\xd2\x99\x16\x86\x05\
`1\x8dr=\x91\xb5\xa1\xaa\xefJG\x92\xa4\xfb6\
\xfb\xa4\xbf\x17\xb2\x86o\xa73-\x1c\x0b\xc0b\x1b\xe3\
\x9f\x88\xbc2\x94\xb5[X\x92t?f\x7fV\xbe\x86\
1\xbe\x98\xce\xb4\xb0,\x00Ka\x8c\xbf\x03\xde\x93\xc6\
\x92\xa4D\xe0]\x8c\xf2\xc94\xd6\xc2\xf3.\x80\xa52\
sg\xc0y\xb1[\xbc\x22\x1dI\x92 T\xf5'\x18\
\xe5w\xd3\x5c\x8b\xc3\x1d\x80\xa5\x12\x88\xac\xe4\xf4P\xd6\
\x17\xa7#I\xeaw\xa1\xac/\xa5\xe4\xb5i\xae\xc5\xe3\
\x0e\xc0R\xdbH\xc1\x00\x97\xc5^qL:\x92\xa4~\
\x14\xca\xfa:\x868\x91a\xcat\xa6\xc5c\x01X\x0e\
\x17\xf1p:\xfcs\xec\x15\x0fJG\x92\xd4OBY\
\xdfB\x87\xa71\xc2\xcd\xe9L\x8b\xcbS\x00\xcba\x0d\
7\x11\x18\x09U}{:\x92\xa4~\x11\xca\xba\x04\x9e\
\xe3\xe2\xbf<,\x00\xcbe\x94k\x98fM\xa8\xea;\
\xd2\x91$\xb5]\xa8\xea\x9a\xc0\x08c|=\x9dii\
X\x00\x96\xd3j\xbe\xca4\xabCU\xff\x22\x1dIR\
[\x85\xaa\xbe\x93\xc8i\x8cre:\xd3\xd2\xb1\x00,\
\xb7\xd5\x5c\xc14\xcf\x0be\xbd=\x1dIR\xdb\xcc>\
\xe5\xef\x05\x8c\xf1O\xe9LK\xcb\x02\x90\x83\xd5L\xd2\
\xe1E\xa1\xacw\xa5#Ij\x8bP\xd5SD^\xe2\
\xab}\xf3`\x01\xc8\xc5\x08\xff\x00\xbc8T\xf5T:\
\x92\xa4\xa6\x0bU=\x0d\xbc\x8c1>\x9d\xce\xb4<,\
\x009\x19\xe3\xd3D^\xe3{\x03$\xb5I(\xebH\
\xe4\xb5\x8c\xf2\xb7\xe9L\xcb\xc7\x02\x90\x9b1\xfe\x12x\
\xb3%@R\x1b\x84\xb2\x8e\x04\xde\xc8\x18\xe7\xa43-\
/\x1f\x04\x94\xab\x09^\x06\x9c\x17\xbb\xc5@:\x92\xa4\
&\x98=\xe7\xff{\x8cqn:\xd3\xf2\xb3\x00\xe4l\
\x9c\x17\x01\xe7\xc7^1\x98\x8e$)g\xa1\xaa\xa7\x08\
\xbc\x9a\x11\xceOg\xca\x83\x05 w\x9b8\x95\xc0\x85\
\xb1W\xec\x9f\x8e$)G\xb3\xb7\xfa\xbd\x881>\x9b\
\xce\x94\x0f\x0b@\x13lb\x98\xc0\xe7c\xaf8(\x1d\
IRNf\x1f\xf2\xf3<\xc6\x98Hg\xca\x8b\x05\xa0\
).\xe2\xe9\x0c\xb0!v\x8b\x22\x1dIR\x0eBY\
W\xc0s\x18\xe3\xf2t\xa6\xfcX\x00\x9ad\x9c\xe3\x80\
M\xb1W\x1c\x96\x8e$i9\x85\xaa\xdeJd\x0dc\
|%\x9d)O\x16\x80\xa6\xb9\x98c\x99b<\xf6\x8a\
\x07\xa7#IZ\x0e\xa1\xaco\x01\xc6\x18\xe3\xdat\xa6\
|\xf9\x1c\x80\xa6Y\xc57\x18\xe0\xf8P\xd5\xbeAK\
\xd2\xb2\x0bU}-+8\xc1\xc5\xbfy,\x00M\xb4\
\x8a\x1fq'\xcf\x08e\xbd)\x1dI\xd2R\x09e}\
\x09\x81\x938\x99\xef\xa73\xe5\xcf\x02\xd0Tk\xb9\x83\
!N\x0bU\xfd\xb1t$I\x8b-\x94\xf5y\x1c\xca\
\x1aF\xa8\xd2\x99\x9a\xc1k\x00\xda`\x827\x119+\
\xf6\x0a\xffyJZT\xb3\x8f)\x7f\x0fc\xfcQ:\
S\xb3\xb8`\xb4\xc5\x04\xeb\x88\xfc\x95\x0f\x0c\x92\xb4X\
f\x1f\xf0\xf3\xbb\x8c\xf1\xa9t\xa6\xe6\xb1\x00\xb4\xc98\
'\x02\x9f\xf36AI\x0b-T\xf5V\xe0y\x8c\xf2\
\xff\xd2\x99\x9a\xc9\x02\xd06\x13<\x16\xf8|\xec\x16\x8f\
LG\x924\x1f\xa1\xaco`\x9a\xe7\xb2\x86o\xa73\
5\x97\x17\x01\xb6\xcd(\xd7\xb3\x8b\xe3BU\xfb\x0cn\
I\xfb,T\xf5\x06\x86\xf8\x0d\x17\xff\xf6q\x07\xa0\xad\
\x22\x81I\xfe3\xf0\xbe\xd8-,z\x92\xf6\xca\xec\xc5\
~\x1f\xe0\x0a\xde\xc9\xbb\x99N\xe7j>\x0b@\xdb\x8d\
\xb3\x86\xc0\xa7b\xb7X\x99\x8e$\xe9\xbe\x84\xb2\xdeB\
\xe0%\x8c2\x9e\xce\xd4\x1e\x16\x80~0\xc9\x91L\xf3\
\xe9\xd8+\x9e\x92\x8e$\xe9\x9eBU\x7f\x9d\xc8\xf3\x19\
\xe3{\xe9L\xed\xe2\xd6p?\x18\xe1f\x86xF\xa8\
\xeaO\xa4#I\xba[\xa8\xeaO\xb1\x9d\x13]\xfc\xfb\
\x83;\x00\xfdf\x9c3\x08\xfc\x9f\xd8-\x86\xd2\x91\xa4\
\xfe\x14\xaa\xfa.\xe0\x1d\x8c\xf2\xd1t\xa6\xf6\xb2\x00\xf4\
\xa3M<\x95\x0e\x7f\xed\xad\x82\x92BU\x7f\x9b\xc8K\
\x18\xe3k\xe9L\xed\xe6)\x80~\xb4\x9a\xafr\x10\xc7\
\x86\xaa>;\x1dI\xea\x1f\xa1\xac?\xc9 \xc7\xbb\xf8\
\xf7'w\x00\xfa\xdd\x04\xcf'rN\xec\x15\x87\xa6#\
I\xed\x14\xca\xba\x04^\xcb\x18\x7f\x97\xce\xd4?,\x00\
\x82\xcd<\x98\x1d\x9c\x17{\xc5\xeat$\xa9]BY\
_\xc2\x00\xaf`\x15?Jg\xea/\x16\x00\xcd\x98y\
p\xd0\x1b\x81\x0fx\x81\xa0\xd4>\xa1\xacw\x02\xef\xe3\
\x0a\xde\xe3\x83}\x84\x05@\xbfd\x9c'\x00\x7f\x13{\
\xc51\xe9HR3\x85\xb2\xbe\x9e\x0e/a\x84\x7fM\
g\xea_^\x04\xa8{\x1b\xe3Z\xee\xe27CY\x7f\
(T\xf5T:\x96\xd4\x1c\xa1\xacw\x85\xaa\xfe \x07\
s\x9c\x8b\xbfR\xee\x00h\xf7\xc6y\x12\xf0\x17\xb1W\
\x1c\x9f\x8e$\xe5-\x94\xf57\xe8\xf0\x1aF\xf8\x97t\
&a\x01\xd0\xfd\xda\xcc\x0av\xf2:\xe0\xbd\xb1[\x1c\
\x98\x8e%\xe5%\x94\xf56\xe0\x03T\xbc\x8fu\xecH\
\xe7\xd2\xdd,\x00\x9a\x9bKx\x04\xbb\xf8X\xec\x15'\
\xa7#Iy\x08U\xfdOLq\x86\xaf\xee\xd5\x5cX\
\x004w\x91\xc0\xc5\xbc\x8ci>\xecs\x03\xa4|\xcc\
\xde\xd7\xff\x0eF\xf9\x0b\x021\x9dK\xf7\xc5\x02\xa0\xbd\
7\xc1\x11D\xfeO\xec\x15\xcfOG\x92\x96V\xa8\xea\
\x0b\xe8\xf0&V\xf1\x93t&\xed\x89\x05@\xf37\xce\
\xb3\x81\xb3b\xaf86\x1dIZ\x5c\xb3\xb7\xf6\xbd\x95\
\x116\xa53i.\xbc\x0dP\xf37\xc6\x17\xb9\x82'\
\x87\xba~E\xa8\xea\x9f\xa6cI\x0b/T\xf5\xed\xa1\
\xaa\xdfL\xc51.\xfe\xda\x17\xee\x00hal\xe0\x10\
\x06y\x07\x81\xb7\xf8$Ai\xe1\x85\xb2\xdeI\xe0\xcf\
\x18\xe4L\x86)\xd3\xb9\xb4\xb7,\x00ZX\x93<\x9a\
\xc8\x87b\xb785\x1dI\x9a\x9fP\xd6\x173\xcd\x9b\
Y\xc37\xd3\x994_\x16\x00-\x8eIV\x11\xf9H\
\xec\x16\x8fOG\x92\xe6&\x94\xf5\x0d\x04\xde\xca(\xff\
\x98\xce\xa4}e\x01\xd0\xe2\xb9\x92A\xb6\xf0j\x02\xff\
-v\x8b\x87\xa5cI\xf7-\x94\xf5\xf7\x09\xfc1\x83\
\xfc%\xc3\xecJ\xe7\xd2B\xb0\x00h\xf1\xadg\x88.\
\xaf\x04\xce\x8c\xbd\xe2\x88t,i\xc6\xec\xc5\xb4\x1ff\
\x90\x8f2\xcc\xf6t.-$\x0b\x80\x96\xceF\xf6c\
\x80W\x00\xef\x8e\xbd\xe2\xc1\xe9X\xeaW\xa1\xaco#\
\xf0\xbf9\x88\xb39\x81m\xe9\x5cZ\x0c\x16\x00-\xbd\
q\x0e$\xf0\x1a\xe0\x9d\xb1[\xfcJ:\x96\xfaE(\
\xeb-\xc0\x9f0\xc5\x879\x85:\x9dK\x8b\xc9\x02\xa0\
\xe53I\x97i\xde\x02\xbc9\xf6\x8an:\x96\xdaj\
\xf6\xd1\xbd\x1ff\x1b\x1fa-w\xa4si)X\x00\
\xb4\xfc>\xc7\xc1\x1c\xc0\xab\x89\xbc5\xf6\x8a#\xd3\xb1\
\xd4\x16\xa1\xaao%r\x0eC|\xc4{\xf9\xb5\xdc,\
\x00\xca\xc7\x99t8\x81\xe7\xcc\xde5\xf0\x1b\xe9Xj\
\xaaP\xd5_'p\x16\x87\xf0\xb7\x1c\xcf\xcet.-\
\x07\x0b\x80\xf24\xc9ID\xdeA\xe49\xb1W\xf8\xef\
\xa9\x1a'\x94u\x04.\x01\xcef\x8c/\xa4si\xb9\
\xf9\x83Uy\x9b\xe0Q\xc0\xeb\x89\x9c\x1e{\xc5\x03\xd2\
\xb1\x94\x9bP\xd5;\x88\x5c\xc04\xef\xf7\xc9}\xca\x99\
\x05@\xcdp\x11\x873\xc0\xe9D^\x1d{\xc5\xaf\xa6\
ci\xb9\x85\xaa\xbe\x89\xc8\xb9\x0c\xf1q\x86\xf9q:\
\x97rc\x01P\xb3\x9cI\x87\x93x6\x913\x80\xdf\
\xf2\xc5CZN\xa1\xaaw\x00\x13\xc0\xf9\x94|\x86u\
L\xa5\xc7H\xb9\xb2\x00\xa8\xb9f\xde@\xf8B\x02o\
\x88\xdd\xe2\x09\xe9XZ,\xb3\xcf\xe8\xff\x04\x91\xf3\x18\
\xc3Wa\xab\x91,\x00j\x87q\x8e#p\x06\xf0\xd2\
\xd8-\x0eH\xc7\xd2\xbe\x0aU}\x17\xf0y\x02\xe7\xb0\
\x8aK\x08\xc4\xf4\x18\xa9I,\x00j\x97M\xac$\xf0\
\x02`\x1d\x81g\xc5n1\x90\x1e\x22\xcdU(\xeb]\
\x046\x13\xb9\x80!\xfe\xde{\xf7\xd5&\x16\x00\xb5\xd7\
&V2\xc0\xa9D^Hdu\xec\x15+\xd2C\xa4\
T\xa8\xeai\xe0\xcb\xc0\x85\x0cr\x81\x17\xf4\xa9\xad,\
\x00\xea\x0f\x9b9\x8c]\x9c\xc24/#\xf0\xec\xd8-\
:\xe9!\xea_\xf7Z\xf4\xa7X\xcf\x1anM\x8f\x91\
\xda\xc6\x02\xa0\xfe\xb3\x91\x872\xc0\x0b\x81\xdf\x02Nt\
g\xa0?\x85\xb2\xde\x09\x5cN\xe0st\xf84\xab\xf8\
Qz\x8c\xd4f\x16\x00\xf5\xb7q\x0e\xa4\xc3\xd3\x88\x9c\
Fd\xad\xef\x22h\xb7P\xd6?\x01&\x08|\x81A\
&=\xa7\xaf~f\x01\x90\xeei\x92\xa3\x99f\x15\x81\
\xd3\x80\x91\xd8-\xf6K\x0fQs\xcc^\xc4\xf7\x15\xe0\
\x0bD.f\x94\xab\xbcz_\x9aa\x01\x90vg3\
\x07\xb1\x8b\x93\x89\x8c\x10y:\x81'x\xed@\xdeB\
UO\x01\xd7\x12\xf9\xd2\xec\x03z\xbe\xc8\x18\xbfH\x8f\
\x93d\x01\x90\xe6n\xa6\x10<\x89\xc8\x89\xc0IDN\
\x8a\xbd\xa2\x97\x1e\xa6\xa5\x13\xaa\xfa\x17\xc0\xd7\x89\x5c\x06\
\x5cN\xe4rVs{z\x9c\xa4_f\x01\x90\xe6k\
=\x03\x1c\xccc\xe8\xcc\x16\x82\xc0\xd3c\xb7xxz\
\x98\x16N(\xeb\x1f\x13\xb8\x12\xb8\x8c\xc0\xe5l\xe5\xab\
\xaccGz\x9c\xa4\xfbg\x01\x90\x16\xd2\x06\x0ea?\
\x1eO\xe48\xe0q\xc0\xe3\x89\xfc\xbao2\xdc;\xb3\
W\xe8\xff\x1b\x81o\x12\xb9\x0e\xf8\x1a\x1d\xbe\xc9\x087\
\xa6\xc7J\x9a\x1f\x0b\x80\xb4\xd8\xaed\x90-\xfc\x1a\x81\
c\x88\x1c\x0b\x1c\x0b<\x01xX\xec\x15}\xfd\xdf`\
(\xeb\x08\xdc\x0c\x5c\x0b\x5c\x03\x5c\xcd4\xd7\xb0?\xdf\
f\x98]\xe9\xf1\x92\x16N_\xff\xf0\x91\x96\xd5z\x86\
8\x84\x87\x02G3\xcd\xd1\xc0\x11\x04\x0e'r4p\
4pT\x1b\x0aB\xa8\xea\xad\xc0\x8d\xb3\xbfn\x05n\
\x01n$r#\xf0-/\xd2\x93\x96G\xe3\x7f\xb8H\
\xad\xf5y\x0e`\x90\xa3\x08\x1cE\x87\x07\x02\x87\x129\
\x8c\xc0a\xc0\xa1\xb3\x7f>\xf3G8t\xa9\x1eh\x14\
\xcaz\x17\xb0\x05\xd8B\x98\xfd#l!\xf23\x02\xb7\
\x11\xd9B\xe0gLq\x13;\xf9\x1e\xcf\xe5\xce\xf4\xf7\
\x90\xb4\xfc,\x00R[l\xa6\xc7.V2\xcd!\x00\
D\xf6c\x80\x997#F\x0a`\x00XA\xe4\xe0\xd9\
\xbf\xe2@\x02\x91\xf8\xef\x0btM`\x0a\x98\x22P\x03\
0\xc5\x9d\x04\xee\x02\xa0\xc3VVp\xbb\x0f\xcf\x91$\
I\x92$I\x92$I\x92$I\x92$I\x92$I\
\x92$I\x92$I\x92$I\x92$I\x92$I\x92\
$I\x92$I\x92$I\x92$I\x92$I\x92$\
I\x92$I\x92$I\x92$I\x92$I\x92$I\
\x92$I\x92$I\x92$I\x92$I\x92$I\x92\
$I\x92$I\x92$I\x92$I\x92$I\x92$\
I\x92$I\x92$I\x92$I\x92$I\xca\xdc\xff\
\x07\xf9\xdeK\x15\x90\xd3\xaaS\x00\x00\x00\x00IEN\
D\xaeB`\x82\
\x00\x00,e\
\x89\
PNG\x0d\x0a\x1a\x0a\x00\x00\x00\x0dIHDR\x00\
\x00\x02\x00\x00\x00\x02\x00\x08\x06\x00\x00\x00\xf4x\xd4\xfa\
\x00\x00\x00\x01sRGB\x00\xae\xce\x1c\xe9\x00\x00\x00\
\x04gAMA\x00\x00\xb1\x8f\x0b\xfca\x05\x00\x00\x00\
\x09pHYs\x00\x01g\xf2\x00\x01g\xf2\x01\xe3*\
\xe5\xbc\x00\x00\x00\x19tEXtSoftwa\
re\x00www.inkscape.\
org\x9b\xee<\x1a\x00\x00\x01\x87iTXtX\
ML:com.adobe.xmp\
\x00\x00\x00\x00\x00<?xpacket b\
egin='\xef\xbb\xbf' id='W\
5M0MpCehiHzreSzN\
Tczkc9d'?>\x0d\x0a<x:x\
mpmeta xmlns:x=\x22\
adobe:ns:meta/\x22>\
<rdf:RDF xmlns:r\
df=\x22http://www.w\
3.org/1999/02/22\
-rdf-syntax-ns#\x22\
><rdf:Descriptio\
n rdf:about=\x22uui\
d:faf5bdd5-ba3d-\
11da-ad31-d33d75\
182f1b\x22 xmlns:ti\
ff=\x22http://ns.ad\
obe.com/tiff/1.0\
/\x22><tiff:Orienta\
tion>1</tiff:Ori\
entation></rdf:D\
escription></rdf\
:RDF></x:xmpmeta\
>\x0d\x0a<?xpacket end\
='w'?>,\x94\x98\x0b\x00\x00*BID\
ATx^\xed\xddy\x98%u}\xef\xf1wuO\
7\xc8:LaTT\x22X\x1a\x17\xc0$\xa2\xb9\x02\
.#3\xdd3,\x8aFQ\xe3~\x8e\x90\xc7\xb8/\
\x89\x897\x065\xea\xbdj\x14\xe5\xe6&J<\x87\x1b\
57\x01\x8c\x1a$\xc3t78\xdc\x08\x18\x0d\x12\x15\
\x055\x15\xe2\x8e[1,\xca23\xddu\xff\xe8&\
\xc1/\xcc\xd0\xd3\xd3\xcb\xaf\xea\xbc_\xcf3\xcf\xc8\xe7\
[\xce\xa3\x07\xe8\xdf\xe7\xd4\xf2+\x90$I\x92$I\
\x92$I\x92$I\x92$I\x92$I\x92$I\x92\
$I\x92$I\x92$I\x92$I\x92$I\x92$\
I\x92$I\x92$I\x92$I\x92$I\x92$I\
\x92$I\x92$I\x92$I\x92$I\x92$I\x92\
$I\x92$I\x92$I\x92$I\x92$I\x92$\
I\x92$I\x92$I\x92$I\x92$I\x92$I\
\x92$I\x92$I\x92$\xb5V\x16\x03I\x0dT\x93\
q)9\xb7\x933\xc4~\x00\x0c\xb1?\xb0\x8a\x19\x86\
\xc88p\xee\xc8\xbd\xa9\xb9\x0f\x00\x19\x07\x0055\xb7\
\xcc\xfd\xf5m\xc0\xeds\x7f\xdeM\x0c1\x03\xec`f\
n>\xc3\xcf\xd9\x9b\x8a\xa7P\x91Q\xcf\xfdy\x92\x1a\
\xca\x02 \xa5j\x13\x070\xcaC\x98\xe1!\xd4\xdc\x97\
!\xee\xcb\x0c\x07\x93\x91\xc3]~\xd5\xb3\xbfW\xddb\
Y\xfe}\xce{e\x0dTdT\xc0\xcf\xa8\xa9`\xee\
W\xc6\xcf\xa8\xf9\x19\xf0\x132\xbe\xcd\xad|\x9bS\xe6\
\x0a\x84\xa4\xa4,\xcb\x0f\x0cI\xf7`\x13{1\xc2\x03\
\x81\xc3\x99\xe1p\xe0p2\x0e\x07\x0e\xa1\xe6\x01\xc0a\
\xcb\xb5\xa8/\xa5\xbc_n\xa5\xe6z\xe0\x87d\x5c\x07\
s\xbfj\xae\xe36\xbeeA\x90VF\xe3\x7f\xb8H\
\xc9;\x8fQ\x0e\xe4Qd\x1c\x09\x1c\x09<\x86\x9a#\
\xaanqH<t\x10\xe5\xbd\xf2\x07\xc0\xd7\xc8\xf8\x0a\
5WSs57s-\xa7\xb2-\x1e+i\xf1X\
\x00\xa4\xc54\xc9!d<\x8a\x9aGS\xf3\xd8;\xff\
s\xd5-\xf6\x8e\x87j\xe7\xf2^\xb9\x03\xf8.\x19\xd7\
P\xf3%2\xbe\xce4\xd7\xb0\x81k\xbc\xff@Z\x1c\
\x16\x00i\xa1\xb6\xb0\x8am<\x86\x8c\xe3\xa8y,\xf0\
\xe4\xaa[\x1c\x1a\x0f\xd3\xe2\xc9{\xe5\x8f\xc9\xf8\x17\xe0\
22.g\x15W\xb2v\xee\xc6EI\xbb\xc5\x02 \
\xcd\xd7&\x0e`\x84\xc73\xc3q\xc0\xb1\xc0\xb1U\xb7\
\x98\xbd\xa3^+\x22\xef\x95\xdb\xc9\xf8*p9p\x19\
#la-?\x8b\xc7I\xba;\x0b\x80\xb43[X\
\xcdv\xd6S\xb3\x1e8\x0exD\x1bn\xcak\xb3\xb9\
'\x14\xae%\xe322&\x81\x8bY\xcfM\xf18I\
\x16\x00\xe9\x97]\xc4\xa3\x19\xe6$j\xd6\x91\xf1\xa4\xaa\
S\x8c\xc6C\xd4\x1cy\xbf\x9c\x06\xbeL\xcd\x85\xc0g\
\x18\xe3*\xef!\x90fY\x004\xd86\xb3\x86!\x8e\
\x07\xd6Qsb\xd5-\x1e\x18\x0fQ{\xe4\xfd\xf2\xa7\
\xc0\xa5d\x5c\xc8\x1d|\x86\x93\xd8\x1a\x8f\x91\x06\x85\x05\
@\x83\xe7\x22\x1e\xc2\x10\xa7\x02\xa7\x90\xf1\xf8\xaaS\x0c\
\xc7C\xd4~sg\x07\xfe\x19\xf84\xc3\x9c\xcf\xf1|\
'\x1e#\xb5\x99\x05@\x83a\x13\x0fb\x15\xbf\x0d<\
\x9b\x9ac\xbc\x96\xaf(\xef\x95\xd7\x00\xe73\xc4GY\
\xcfuq.\xb5\x8d?\x04\xd5^[8\x98m<\x93\
\x8c\x17\xb9\xe8k\xbe\xf2~9\x03|\x1e8\x1f8\x9f\
1~\x18\x8f\x91\xda\xc0\x1f\x88j\x97M\xdc\x97aN\
%\xe3T\xe0\xb8\xaaS\x0c\xc5C\xa4\xf9\xca\xfb\xe54\
5\x9f#\xe3\x5c2\xceg=U<Fj*\x0b\x80\
\x9a\xef\x0c\x868\x8e\xa72\xc3\x8b\x80g\xf9l\xbe\x96\
B\xde/\xb7\x01\xff@\xc6\xd9\xac\xe3\x12\x9f&P\xd3\
Y\x00\xd4\x5c[\xb8?\xdby15\xa7U\xdd\xe2\xa1\
q,-\x95\xbc_~\x8f\x9a\xffK\xcd\xfff\x03\xdf\
\x8bs\xa9\x09,\x00j\x96;\xbf\xed\xd7\x9cN\xcd)\
U\xb7\x18\x89\x87H\xcbe\xee\x12\xc1\x162\xcef\x84\
O\xb1\x96\x1d\xf1\x18)U\x16\x005\xc3$\x87Ps\
:\x19\x9d\xaaS<8\x8e\xa5\x95\x96\xf7\xca\xef\x92\xd1\
g\x9a\xb3\xd9\xc8\xf5q.\xa5\xc6\x02\xa0\xb4]\xccQ\
\xcc\xf0\x0aj^\xe4\x1b\xf5\xd4\x04y\xbf\xdcF\xcd\xb9\
d\xbc\x971\xae\x8es)\x15\x16\x00\xa5i\x8a\xe3\xa8\
y\xd3\xdc\xee|\xfes\xaaF\xca\xfb\xe5\xe5\xd4\xbc\x9b\
1.\xf4\xa6A\xa5\xc6\x1f\xacJ\xc7y\x8cr\x10\xcf\
e\x867V\xdd\xe2\xc88\x96\x9a*\xef\x95_\x05\xfe\
7\xa3|\xd4\xd7\x17+\x15\x16\x00\xad\xbcM\x1c\xc0*\
^\x0a\xbc\xb1\xea\x14\x0f\x8ac\xa9-\xf2^\xf9#\xe0\
\xc3\xd4\x9c\xc5\x06n\x88si9Y\x00\xb4r.\xe4\
 Fx#\xf0\xea\xaa[\xec\x17\xc7R[\xe5\xfd\xf2\
f\xe0\x83\x8c\xf0~\xd6rc\x9cK\xcb\xc1\x02\xa0\xe5\
\xb7\x85\xfd\xd8\xce+\xa8\xf9\xc3\xaa[\xac\x8eciP\
\xe4\xfd\xf2\x16j\xfe\x82!\xfe\x07\xeb\xb9)\xce\xa5\xa5\
d\x01\xd0\xf2\x99`_2^\x06\xbc\xb9\xea\x14\xbf\x12\
\xc7\xd2\xa0\xca{e\x05\xfc9\xb7\xf1>N\xe1\x968\
\x97\x96\x82\x05@K\xef<F9\x90\x97\x90\xf1\xd6\xaa\
S< \x8e%\xcd\xca\xfb\xe5O\x81\xf7\xb1\x1fgq\
\x0c\xb7\xc5\xb9\xb4\x98,\x00Z:\xb3\x0b\xffi\xc0\x9b\
\xabnqH\x1cK\xbagy\xbf\xfc>\xf0N\xd6\xd0\
\xe3h\xb6\xc7\xb9\xb4\x18,\x00Z\x1aS\xacc\x86\xb3\
\xaan\xf1\xc88\x924?y\xaf\xfc72\xfe;c\
\x9c\x1fg\xd2\x9e\xb2\x00hqm\xe6\x11\x0c\xf1\xfe\xaa\
Sl\x8c#I\x0b\x93\xf7\xcaK\xc8x\x9d;\x0bj\
1Y\x00\xb486\xb3\x86!\xce\xa0\xe6\xf7\xaan\xb1\
*\x8e%\xed\x99\xbcW\xee \xa3\xcf\x0e\xfe\x98\x13\xf8\
i\x9cK\xbb\xcb\x02\xa0=s%#T\xbc\x14xg\
\xd5-\x0e\x8ecI\x8b+\xef\x97[\x81ws#g\
r*\xdb\xe2\x5c\x9a/\x0b\x80\x16n\x8au\xd4\x9cY\
u\x8a#\xe2H\xd2\xd2\xca\xfb\xe57\x8170\xc6?\
\xc6\x994\x1f\x16\x00\xed\xbeM<\x88U\xfcE\xd5)\
N\x8e#I\xcb+\xef\x97\x9f\x02^\xc9\x18?\x8c3\
iW\x86b \xedTM\xc6\x04\xa7\xb3\x8a\xaf\xbb\xf8\
Ki\xa8:\xc53\xa8\xb9\x86I^\xc3\x19\xfeL\xd7\
\xfcy\x06@\xf3\xb3\x99\x82!\xce\xae:\xc5\xda8\x92\
\x94\x86\xbcW^F\xcdil\xe0\x1bq&E\x16\x00\
\xed\xda\x16V\xb1\x9d7\x00o\xab:\xc5^q,)\
-y\xaf\xbc\x1dx77\xf1.o\x12\xd4\xaeX\x00\
\xb4sS\xfc\x065\x1f\xa9:\xc5o\xc6\x91\xa4\xb4\xe5\
\xbd\xf2jj^\xc6\x06\xbe\x18g\x12\x16\x00\xdd\xa3\x09\
\xf6\x05\xdeI\xc6+\xabN1\x1c\xc7\x92\x9a!\xef\x97\
\xd3\xc0\x07\xb9\x9d\xb7\xf04n\x8ds\x0d6\x0b\x80~\
\xd9$GS\xf37U\xb7xx\x1cIj\xa6\xbc_\
~\x83i\x9e\xcfF\xae\x8a3\x0d.\x0b\x80f\xd5d\
L\xf1j\xe0=U\xa7\x18\x8dcI\xcd\x96\xf7\xca\x1d\
\xc0;\xb9\x89?\xe5T\xa6\xe3\x5c\x83\xc7\x02 \x98\xe2\
Pf\xf8h\xd5-\x9e\x1cG\x92\xda%\xef\x97[\xd8\
\xc1\x8b8\x81\xef\xc7\x99\x06\x8b\xcf\x8c\x0e\xba\x09\x9eE\
\xcd\xbf\xba\xf8K\x83\xa1\xea\x14k\x19\xe6kL\xf2;\
q\xa6\xc1\xe2\x19\x80A\xb5\x89\x03X\xc5{\xabNq\
z\x1cI\x1a\x0cy\xaf\xfc\x18\xb7\xf1\x0aN\xe1\x968\
S\xfbY\x00\x06\xd1f\x8ea\x88\x8fW\x9d\xe2\xb08\
\x924X\xf2~YR\xf3\x02\xc6\xf9B\x9c\xa9\xdd\xbc\
\x040h&8\x9d\x8cK]\xfc%1{I\xa0\x00\
.c\x927\xc5\x99\xda\xcd3\x00\x83b\x0b\xfb\xb1\x9d\
\x8fT\x9d\xe29q$I\xcc^\x12\xf8[\xe04\xc6\
\xf9E\x9c\xa9},\x00\x83`3\x05\x19\x9f\xac\xba\xc5\
\x91q$Iw\x95\xf7\xca\xaf\xb2\x8agr<\xff\x1e\
gj\x17/\x01\xb4\xdd$'\x92\xf1/.\xfe\x92\xe6\
\xa3\xea\x16G1\xcdUL\xf0\x8c8S\xbbX\x00\xda\
\xaa&\x9b\xbb\xa6wA\xd5-V\xc7\xb1$\xedL\xd5\
)\x0e\x00\xfe\x9e\x09\xfe\xa7\xaf\x18n//\x01\xb4\xd1\
f\xd6\x90\xf17U\xb7\xd8\x10G\x92\xb4;\xf2^\xb9\
\x89\xed\xbc\x80\x93\xd8\x1agj6\x0b@\xdb\x5c\xc4\xa3\
\x19\xe63\xde\xe5/i\xb1\xe4\xbd\xf2\xdf\xc98\x991\
\xae\x8d35\x97\xa7v\xdad\x92\xe3\x19\xe22\x17\x7f\
I\x8b\xa9\xea\x16\x0f\xa5\xe6\x0a6\xb36\xce\xd4\x5c\x16\
\x80\xb6\x98\xe0%\xd4\x5c\xe4\xf5~IK\xa1\xea\x16\xab\
\xc9\x98d\x02w\x0fm\x09/\x014\xdd\xec\xcd~g\
T\xdd\xe2\x8c8\x92\xa4\xa5\x90\xf7\xcb\xb3X\xcfk\xc9\
\xa8\xe3L\xcda\x01h\xb2\xf3\x18e5\xbd\xaaS\xbc\
 \x8e$i)\xe5\xbd\xf2<Fy1k\xb9=\xce\
\xd4\x0c\x16\x80\xa6\xba\x90\x83\x18\xe1\x93U\xb7xJ\x1c\
I\xd2r\xc8\xfb\xe5\xe5\x8cp\x0ak\xf9Y\x9c)}\
\x16\x80&\x9a\xe0026U\x9d\xe2\x11q$I\xcb\
)\xef\x97%p\x02c\xfc[\x9c)m\x16\x80\xa6\x99\
\xe27\xa8\xd9\x5cu\x8a_\x89#IZ\x09y\xaf\xfc\
15\xe3l\xe0+q\xa6t\xf9\x14@\x93L\xf18\
j.v\xf1\x97\x94\x92\xaa[\xdc\x8f\x8cK\x99\xe2\x09\
q\xa6tY\x00\x9ab\x82'QsI\xd5)\xd6\xc4\
\x91$\xad\xb4\xaa[\xac\xa6f\x8aI\x8e\x8f3\xa5\xc9\
\x02\xd0\x04\x13l\x046W\x9db\xff8\x92\xa4TT\
\x9db_\xe0\x02\xa6p\x1b\xf2\x06\xb0\x00\xa4n\x82\x93\
\xc9\xf8T\xd5-\xee\x13G\x92\x94\x9a\xaaS\xecC\xcd\
?0\xc5o\xc7\x99\xd2b\x01H\xd9$\xcf\x03>Y\
u\x8a\xbd\xe2H\x92RUu\x8aQj\xcee\x82\x17\
\xc7\x99\xd2a\x01H\xd5\xecv\x9b\x1f\xaf\xba\xc5\xaa8\
\x92\xa4\xd4U\x9db\x188\x87I^\x19gJ\x83\x05\
 E\x93\xbc\x06\xf8P\xd5)\xfc\xfb#\xa9\xb1\xaan\
\x91Qs\x16S\xbc*\xce\xb4\xf2\xdc\x07 5\x93\xbc\
\x94\x9a^\xd5-\xfc{#\xa9\x15\xf2^Y\x03/g\
\x9c\x0f\xc7\x99V\x8e\x8bLJ&x\x01\x19\x7f\xed7\
\x7fIm\x93\xf7\xcb\x19fx\x11\x1b\xf8\x9b8\xd3\xca\
\xb0\x00\xa4b3\xa7\x90q\xbe\xd7\xfc%\xb5U\xde/\
\xa7\x81\xe71\xc6\xf9q\xa6\xe5g\x01H\xc1\x04cd\
\x5c\xe0\xdd\xfe\x92\xda.\xef\x97\xdb\x80g0\xc6\xa68\
\xd3\xf2\xb2\x00\xac\xb4\x09\x8e%cbn\x03\x0dIj\
\xbd\xbcW\xde\xc6\x10'\xb0\x9eK\xe3L\xcb\xc7\x02\xb0\
\x92&\xf8-2\xa6\xdc\xe1O\xd2\xa0\xc9\xfb\xe5\xcd\xcc\
\xb0\x9e\x0d|1\xce\xb4<,\x00+e3\x8fa\x88\
\xcf\xba\xb7\xbf\xa4A\x95\xf7\xca\x1b\x99\xe1x6rU\
\x9ci\xe9Y\x00V\xc2\x14\x87S\xf3y\xdf\xea'i\
\xd0\xe5\xbd\xf2G\xcc\xf0\x046\xf2\xed8\xd3\xd2\xf2q\
\xb3\xe5\xb6\x995\xd4lr\xf1\x97$\xa8\xba\xc5\xfd\x19\
b\x13\x17rP\x9ciiY\x00\x96\xd3\x95\x8c0\xc4\
\xf9U\xa7\xf8\xb58\x92\xa4AUu\x8bG2\xc2\xa7\
\xd8\x84OB-#\x0b\xc0r\xa9\xc9\xa8\xe8U\x9d\xe2\
\xa9q$I\x83\xae\xea\x16Of\x98s\xa8\xbd4\xbd\
\x5c,\x00\xcbe\x8a\xb7W\xdd\xe2\x851\x96$\xcd\xaa\
\xba\xc5\xf3\x98\xe2-1\xd7\xd2\xb0\x00,\x87I^Z\
u\x8a?\x8e\xb1$)\xa8y+S\xbc(\xc6Z|\
\x16\x80\xa56\xc5S\x80\x0f\xc5X\x92twU\xb7\xc8\
\x98\xe1#Lr|\x9ciqy\xade)]\xcc\xa3\
\x98\xe6\xf2\xaa[\xac\x8e#I\xd2\xce\xe5\xfd\xf2f\xe0\
8\xc6\xb8:\xce\xb48,\x00Ke3k\x18\xe2\xca\
\xaaS\x1c\x16G\x92\xa4{\x97\xf7\xcb\x92\x11\x1e\xc7Z\
n\x8c3\xed9/\x01,\x853\x18b\x88\x8f\xbb\xf8\
K\xd2\xc2U\x9d\xa2`;\xe7r\x1e\xc3q\xa6=g\
\x01X\x0a\xc7\xf0\xf6\xaaSl\x8c\xb1$i\xf7T\x9d\
b\x8c\xd5x\x13\xf5\x12\xb0\x00,\xb6\x09N&\xe3\x8f\
b,IZ\xb0?a\x92\x13c\xa8=\xe3=\x00\x8b\
i\x92\x87Q\xf3Eo\xfa\x93\xa4\xc5\x95\xf7\xcb\xad\x0c\
\xf38\x8e\xe7\xdf\xe3L\x0b\xe3\x19\x80\xc52\xc1\xbe\xc0\
']\xfc%i\xf1U\x9d\xe2 v\xf0I.`\x9f\
8\xd3\xc2X\x00\x16KF\xaf\xea\x14G\xc4X\x92\xb4\
8\xaanq\x14{\xf1W1\xd7\xc2X\x00\x16\xc3$\
o\xa8:\xc5sb,IZ\x5cU\xb7\xf8\x1d\xa6x\
U\xcc\xb5\xfb,\x00{j3\xc7P\xf3?c,I\
Z\x223\xbc\x8f\xcd<>\xc6\xda=\xde\x04\xb8'\xb6\
\xb0\x1f\xdb\xb8\xaa\xea\x16\x0f\x8b#I\xd2\xd2\xc9{\xe5\
u\xdc\xc6\xafs\x0a\xb7\xc4\x99\xe6\xc73\x00{b\x1b\
\x7f\xe1\xe2/I\xcb\xaf\xea\x16\x87\xb3\x0f\x1f\x88\xb9\xe6\
\xcf3\x00\x0b5\xc1\xb3\xaanq~\x8c%I\xcb'\
\xffH\xf9\x5c6pn\xccu\xef<\x03\xb0\x10\x9bx\
\x10\x19\x1f\x8e\xb1$i\x99e|\x88)\x0e\x8d\xb1\xee\
\x9d\x05`w\x9d\xc1\x10\xab\xf8h\xd5)\xd6\xc4\x91$\
iyU\xddb55\x1f\xf3}\x01\xbb\xcf\x02\xb0\xbb\
\x8e\xe5\x0f\xabN\xb16\xc6\x92\xa4\x95Qu\x8a'q\
 o\x88\xb9v\xcd\x02\xb0;&x,pF\x8c%\
I+\xee\x1d>\x1a\xb8{\xbc\x09p\xbef\xb7\xfa\xbd\
\xaa\xea\x16\x0f\x8f#I\xd2\xca\xcb\xfb\xe57\xb8\x9d\xc7\
\xf24n\x8d3\xdd\x9dg\x00\xe6\xef\x9d.\xfe\x92\x94\
\xae\xaaS<\x82\xbdx[\xccu\xcf,\x00\xf3\xb1\x99\
\xc7\x93\xf1\xca\x18K\x92\x12\x93\xf1:&9:\xc6\xba\
;\x0b\xc0\xbd\xd9\xc2*\x86\xf8p\xd5)\xbc\xc3T\x92\
\x12Wu\x8aajz\x5c\xc9H\x9c\xe9\x97Y\x00\xee\
\xcdv\xde\x5cu\x8a_\x8f\xb1$)MU\xb78\x8a\
\x8a7\xc6\x5c\xbf\xcc\x02\xb0+\x17\xf1k\xd4\xfcQ\x8c\
%I\x89\xcb8\x83I\x1e\x19c\xfd\x17\x0b\xc0\xce\x9c\
\xc1\x10C|\xa4\xea\x16{\xc7\x91$)mU\xa7\xd8\
\x8b\x9a\xbf\xa4\xf6i\xb7\x9d\xb1\x00\xec\xcc1\xbc\xbc\xea\
\x16\xc7\xc5X\x92\xd4\x0cU\xb7x2S\xbc,\xe6\x9a\
e\x01\xb8'\x93\x1c\x02\xbc#\xc6\x92\xa4\xc6\xf93.\
\xe6\x811\x94\x05`g>Tu\x8b\xd51\x94$5\
K\xd5)\x0e`\x9a\xb3b.w\x02\xbc\xbbIN\xac\
:\xc5\x851\x96$5W\xde/70\xc6D\xcc\x07\
\x99g\x00\xeej\x0b\xab\x80w\xc7X\x92\xd4p5g\
\xba7\xc0/\xb3\x00\xdc\xd56^Uu\x8aG\xc7X\
\x92\xd4lU\xb7x$\x15\xa7\xc7|\x90Y\x00\xee\xb4\
\x995d\xfcq\x8c%I-\x91\xf1\xa7L\x91\xc7x\
PY\x00\xee\x94\xf1\xce\xaaS\xac\x89\xb1$\xa9\x1d\xaa\
Nq\x105\x7f\x12\xf3Ae\x01\x00\xb8\x98G\x81\xcf\
\x8aJR\xeb\xd5\xfc\x1e\x13\x1c\x11\xe3Ad\x01\x00\x98\
\xe1\xcc\xaa[\xac\x8a\xb1$\xa9]\xe6~\xd6\x7f \xe6\
\x83\xc8\x02\xb0\x99S\xaaN1\x16cIR;U\xdd\
\xe2x&91\xe6\x83f\xb0\x0b\xc0y\x8c2\xc4{\
c,Ij\xbd\xf7\x0d\xfac\x81\x83]\x00Vsz\
\xd5)\x8a\x18K\x92\xda\xad\xea\x14\xbfFE'\xe6\x83\
dp\x0b\xc0\x16\xf6\xa6\xe6\x0fc,I\x1a\x18\x7f\xc2\
\x15\xdc'\x86\x83bp\x0b\xc06~\xaf\xea\x16\xbe \
B\x92\x06T\xd5-\x0e\xe1\x17\x83\xfb\x04\xd8`\x16\x80\
\x09\xf6\x05\xfe \xc6\x92\xa4\x013\xc3\x9b\xb9\x80}b\
<\x08\x06\xb3\x00\xc0\xab\xabnq\xbf\x18J\x92\x06K\
\xd5-\xee\xcf\xde\xbc<\xe6\x83`\xf0\x0a\xc0&\x0e \
\xe3\x8d1\x96$\x0d\xa8\x9a?\xe4\xd3\xec\x1f\xe3\xb6\x1b\
\xbc\x02\xb0\x8a\xd7\xb9\xe5\xaf$\xe9NU\xb78\x98\xfb\
\xf0\xca\x98\xb7\xdd`\x15\x80-\xac\x06^\x13cI\xd2\
\xc0\xfb\x83\xb95b`\x0cV\x01\xd8\xc6\xefW\x9d\xe2\
\xa0\x18K\x92\x06[\xd5-V\xb3\x8d\xd7\xc6\xbc\xcd\x06\
\xa7\x00\x5c\xc8A\xc0\xabc,I\xd2\x9c\xd7\xb2\x89\x03\
b\xd8V\x83S\x00Fyy\xd5-\xf6\x8b\xb1$I\
\xcc\x9e\x058\x90U\x9c\x1e\xf3\xb6\x1a\x8c\x02p\x1e\xa3\
0x7xH\x92vS\xcdk\xe7\xd6\x8c\xd6\x1b\x8c\
\x02\xb0\x9a\xe7W\x9d\xe2\x011\x96$\xe9\xae\xaan\xf1\
@\x0e\xe4\xd4\x98\xb7\xd1`\x14\x00\xef\xfc\x97$\xcd\xdf\
\xefS\x93\xc5\xb0m\xda_\x00\xa6\xd8Pu\x8a\xc7\xc4\
X\x92\xa4{Ru\x8b\xa3\x98\xe2\xa91o\x9b\xf6\x17\
\x80\x19\xde\x10#I\x92\xeeE\xeb\xd7\x8ev\x17\x80I\
\x8e\x04\x8e\x8f\xb1$I\xbbRu\x8a\x8dl\xa6\xd5g\
\x8f\xdb]\x00j~\xbf\xea\x16\xad\xbf\x8e#IZ\x02\
Y\xbb\xef\x1fko\x01\xb8\x98\x07\x92\xf1\x9c\x18K\x92\
4/\x19\xbf\xc3E\xb4\xf6\x09\xb2\xf6\x16\x80iN\xab\
:\xc5@<\xcb)IZ|U\xa7\xd8\x8b!^\x16\
\xf3\xb6hg\x018\x83!\xe0\xa51\x96$i\xb7d\
\x9c\xc6y\x0c\xc7\xb8\x0d\xdaY\x00\x8eec\xd5-\x0e\
\x8d\xb1$I\xbb\xa3\xea\x14\x0ff5\xebb\xde\x06\xed\
,\x005\xa7\xc5H\x92\xa4\x05i\xe9\x9a\xd2\xbe\x02\xb0\
\x85\xfb\x03'\xc4X\x92\xa4\x05zz\x1bo\x06l_\
\x01\xd8N\xa7\xea\x16#1\x96$i!\xaan\xb1\x8a\
!^\x18\xf3\xa6kW\x01\x98\xdd\xbb\xd9\x9b\xff$I\
\x8b\xed\xf4\xb6\xbd\x1f\xa0]\x05`\x82uU\xa7(b\
,I\xd2\x9e\xa8\xba\xc5C\xb9\x98'\xc7\xbc\xc9\xdaU\
\x00\x86\xday\xa3\x86$)\x01u\xbb\xf6\x04hO\x01\
\xd8\xc4}\x81\xa7\xc7X\x92\xa4EQ\xf3\xdblfM\
\x8c\x9b\xaa=\x05`\x15\xcfq\xe7?I\xd2R\xa9\xba\
\xc5\xded<+\xe6M\xd5\x9e\x02\x00\xa7\xc6@\x92\xa4\
E\xd6\x9a\xb5\xa6\x1d\x05`\xf6\xf9\xcccc,I\xd2\
\xa2\xcax\x0a\x17s\xbf\x187Q;\x0a\xc00\xcf\xa9\
:E;\xfe\xbfH\x92\x92Uu\x8aa\xa6\xf9\xed\x98\
7Q;\x16\xcd\xba=\xa7d$I\xc9k\xc5\x9a\xd3\
\xfc\x02\xb0\x99\x07\x03\xff-\xc6\x92$-\x89\x8c'2\
\xc9!1n\x9a\xe6\x17\x80!N\xad\xbaE\xabvg\
\x92$\xa5\xab\xea\x14Cd\xcd\xbf\x0c\xd0\xfc\x02\xd0\x92\
S1\x92\xa4\x06\x99i\xfe\xda\xd3\xec\x020\xc1a\xd4\
<.\xc6\x92$-\xb1c\x99\xe2\xd0\x186I\xb3\x0b\
@\xe6\xe9\x7fI\xd2\xf2\xab\xbaE\xc6L\xb3/\x034\
\xbb\x00\xd4n\xfd+IZ1\x8d^\x83\x9a[\x00.\
\xe4 2\x1e\x1fcI\x92\x96\xc9\xb1Lq`\x0c\x9b\
\xa2\xb9\x05`\x84\xf1\xaaS\x0c\xc7X\x92\xa4\xe5Pu\
\x8bU\xd4\x1c\x1f\xf3\xa6hn\x01\xc8\xd8\x10#I\x92\
\x96U\xdd\xdc\xb5\xa8\x99\x05\xa0&\x03\xc6b,I\xd2\
\xb2\xca\xd88\xb7&5N3\x0b\xc0f~\xa3\xea\x14\
\x0f\x88\xb1$I\xcb\xa9\xea\x14\x0fb\x92G\xc7\xbc\x09\
\x9aY\x00\x86\xd9\x18#I\x92VDC/I7\xb3\
\x004\xf8\x9a\x8b$\xa9u\x1a\xf9\xa5\xb4y\x05`\x0b\
\xab}\xf9\x8f$)!\xc7\xf1i\xf6\x8fa\xea\x9aW\
\x00\xb6\xb3\xbe\xea\x16\xabb,I\xd2J\xa8:\xc5(\
\xfb\xb06\xe6\xa9k^\x01\xa8\xbd\xfb_\x92\x94\x9c\xf1\
\x18\xa4\xaey\x05 \xe3\x891\x92$iE\xd5\x1c\x17\
\xa3\xd45\xab\x00l\xe1`j\x1e\x1ecI\x92VT\
\xc6\x11M\xdb\x16\xb8Y\x05`;\xc7\xf8\xf6?IR\
j\xaaN1\x04<!\xe6)kV\x01\xa89&F\
\x92$%\xa1\xe6\xd8\x18\xa5\xacY\x05\x80f}\xb8\x92\
\xa4\x81\xd2\xa85\xaa9\x05`\x13{\x01G\xc7X\x92\
\xa4D\xfc\x16W2\x12\xc3T5\xa7\x00\x8c\xf0\x9bU\
\xb7\xd8;\xc6\x92$\xa5\xa0\xea\x14\xfbp\x03\x8f\x89y\
\xaa\x9aS\x00\x1avmE\x924\x90\x1a\xf38`s\
\x0a@\xc3\xae\xadH\x92\x06Rc\xd6\xaa\xe6\x14\x80\xba\
Y\x8fWH\x92\x06P\x83\x9eVkF\x01\x98\xe2\xd0\
\xaa[\xdc/\xc6\x92$\xa5\xa4\xea\x16\x870\xc9!1\
OQ3\x0a\xc04G\xc5H\x92\xa4$e\xcdX\xb3\
\x9aQ\x00\x86\x9a\xf1aJ\x92\xc4L3\xd6\xacf\x14\
\x0082\x06\x92$%)k\xc6\x9a\xd5\x8c\x02P7\
\xa3MI\x92\xd4\x94/\xad\xe9\x17\x80\xd9\x1d\x00\x1f\x16\
cI\x92\x12\xf5H\xcec4\x86\xa9I\xbf\x00\x8c\xf0\
\xa8\xaa[4fkEI\xd2`\xab:\xc5(\x07\xa6\
\xff\xea\xfa\xf4\x0b@Cn\xa6\x90$\xe9?5\xe0I\
\x80\xf4\x0b@C\xae\xa5H\x92\xf4\x9f\xea\xf4\xd7\xae\xf4\
\x0b@C\xee\xa6\x94$\xe9.<\x03\xb0\x08,\x00\x92\
\xa4fi\xc0\x97\xd7\xb4\x0b\xc0\x04\xfbV\x9d\xe2\x011\
\x96$)i5\x0fb\x0bI\xbf\xc2>\xed\x020\xc3\
Cb$IR\xea\xaan\x91\xb1\x83Cc\x9e\x92\xb4\
\x0b@\xc6a1\x92$\xa9\x11\xea\xb4\xd7\xb0\xb4\x0b\xc0\
\x90g\x00$I\x0dU\xa7\xbd\x86\xa5]\x00\x12\xff\xf0\
$I\xda\x85\xa4\xd7\xb0\xb4\x0b@\xe2\x1f\x9e$I;\
\x95\xf8e\xec\xb4\x0b@\xe2\x1f\x9e$I\xbb\x90\xf4\x97\
\xd8\xb4\x0b@\xe2\x1f\x9e$I\xbb\x90\xf4\x97\xd8,\x06\
\xc9\xf84\xfbW\xaf,n\x8e\xb1$IM\x91\x7f\xac\
\xdc\x9f\xb5\xfc<\xe6)H\xf7\x0c\xc0\xde\x1c\x1e#I\
\x92\x1a\xe5v~5F\xa9H\xb7\x00\x0c\xa5\xfb\xa1I\
\x924/\xc3\xe9^\xcaN\xb7\x00\xc0\xfdb IR\
\xc3\xfcJ\x0cR\x91n\x01\xa898F\x92$5J\
\xc2kY\xba\x05\x00\xf2\x18H\x92\xd40\xc9\xaee\xe9\
\x16\x80,\xdd\x0fM\x92\xa4yJv-K\xb7\x00\x90\
\xeei\x13I\x92\xe6%Kw-K\xb7\x00\xd4\xe9\xb6\
&I\x92\xe6)\xd9\xb5,\xdd\x02\xe0\x19\x00IR\xd3\
y\x13\xe0\x02x\x0f\x80$\xa9\xe9\x12^\xcb\xd2,\x00\
\xe71\x0c\xac\x8e\xb1$I\x8dR\xb3\x86:\xcdm\xf7\
\xd3,\x00\xf7\xe5\xa0\xaaS\xa4\xf9\xbfM\x92\xa4y\xaa\
\xba\xc5*.\xe5\xc0\x98\xa7 \xcdE\xf6\xf6tO\x99\
H\x92\xb4[\xeeH\xf3>\x804\x0b\xc0*\xf6\x89\x91\
$I\x8d4\xc4}b\x94\x824\x0b@\xcd^1\x92\
$\xa9\xa1\x92\x5c\xd3R-\x00\xa31\x92$\xa9\x91f\
\xd2\x5c\xd3\xd2,\x00Ci~X\x92$-\x80g\x00\
\xe6\xcdK\x00\x92\xa4\xb6H\xf4Km\xaa\x05 \xc9\x0f\
K\x92\xa4\x05H\xf2Km\x9a\x05 \xd1\x0fK\x92\xa4\
\x05HrMK\xb3\x00$z\xbaD\x92\xa4\xdd\xe6M\
\x80\xbb\xc1K\x00\x92\xa4\xf6\xf0\x0c\xc0\xbcy\x13\xa0$\
\xa9-\x12=\xab\x9df\x01 \xcd\x0fK\x92\xa4\x05H\
\xf2Km\xaa\x05@\x92$-\xa1T\x0b\xc0\xb6\x18H\
\x92\xd4Pw\xc4 \x05i\x16\x80,\xcd\x0fK\x92\xa4\
\xdd6\x93\xe6\x97\xdaT\x0b@\x92\x1f\x96$I\x0b\x90\
\xe4\x97\xda4\x0b\xc0t\x9a\x1f\x96$I\xbbm(\xcd\
/\xb5i\x16\x00\xcf\x00H\x92\xda#\xc9/\xb5\x16\x00\
I\x92\x96\x96\x05`\xde\xbc\x09P\x92\xd4\x16\xde\x04\xb8\
\x1b\x12\xfd\xb0$IZ\x80$\xbf\xd4\xa6Y\x00\x12\xfd\
\xb0$I\xdam\xde\x04\xb8\x1b\x12\xfd\xb0$IZ\x80\
$\xbf\xd4\xa6Y\x00\xe0\x171\x90$\xa9\x91\x86\xb95\
F)H\xb5\x00T1\x90$\xa9\x91f\xf8Y\x8cR\
\x90f\x01\xb8\x8c\xady\xbf\x9c\x8e\xb1$IM\x92\xf7\
\xca\xed\xac\xe3\xe6\x98\xa7 \xcd\x02\xf06f\xa8\xb91\
\xc6\x92$5\xcc\x0dd\xd41LA\x9a\x05\x00 K\
\xf3\x94\x89$I\xf3\x96\xf0Z\x96n\x01\xf0>\x00I\
R\xf3%\xbb\x96\xa5[\x00\xeat[\x93$I\xf3\x92\
\xf0Z\x96n\x01H\xb85I\x924O\xc9\xaee\xe9\
\x16\x80\x84\xaf\x9bH\x924/\x09\xafe\xe9\x16\x80\x84\
[\x93$I\xf3\x94\xecZf\x01\x90$i\xa9\xd4\xe9\
\xaee\xe9\x16\x80\x9a\x1f\xc7H\x92\xa4F\xc9\xf8I\x8c\
R\x91n\x01\x18\xe6;1\x92$\xa9Q\x86\xf8v\x8c\
R\x91n\x01\xf89\xff\x11#I\x92\x1ae:\xdd/\
\xb3\xe9\x16\x80S\xb8%\xef\x977\xc4X\x92\xa4&\xc8\
{\xe5\x8f\x19O\xf7\xed\xb6\xe9\x16\x80Y\x9e\x05\x90$\
5S\x96\xee\xe9\x7f\x92/\x00u\xda\x1f\x9e$I\xbb\
\x90\xf4\x97\xd8\xb4\x0b@\xe2\x1f\x9e$I;\x95\xf8\x97\
\xd8\xd4\x0b@\xd2\x1f\x9e$I\xbb\x90\xf4\x97\xd8\xb4\x0b\
@\xe2\xd7O$I\xda\x85\xa4\xd7\xb0\xb4\x0b\xc0P\xda\
\xedI\x92\xa4\x9d\xca\xd2^\xc3\xd2.\x00\xfb\xf0\x1fy\
\xaf\xacc,IR\xca\xf2^Y3\xc2\xf7b\x9e\x92\
\xb4\x0b\xc01\xdc\x06\x5c\x1fcI\x92\x12\xf7=\xd6r\
{\x0cS\x92v\x01\x98\xf5\xd5\x18H\x92\x94\xb4\x8c\xaf\
\xc4(5\xe9\x17\x80\xcc\x02 Ij\x98\x9a\xabc\x94\
\x9a\xf4\x0b@\x03>DI\x92\x82\xe4\xd7.\x0b\x80$\
I\x8bm8\xfd\xb3\xd7\xe9\x17\x80\x9b\xb96\xef\x97\xdb\
b,IR\x8a\xf2~y\x07\xc3|+\xe6\xa9I\xbf\
\x00\x9c\xca6H\xff\x83\x94$\x09\x80\x9akX\xcb\x8e\
\x18\xa7&\xfd\x02\x00P\xa7\x7f*E\x92\xa49\x8d\xb8\
t\xdd\x8c\x020\xd4\x8c\x0fS\x92$\xb2f\xacY\xcd\
(\x00\x9e\x01\x90$5EC\xd6\xacf\x14\x80\x1d\xcd\
\xf80%Ib\xb4\x19kV3\x0a\xc0\x09|?\xef\
\x97n\x09,IJZ\xde+\x7f\xc8Z~\x14\xf3\x14\
5\xa3\x00\x00\xd4|>F\x92$%%\xe3s1J\
Us\x0a\x00\x5c\x1e\x03I\x92\x92\x925g\xad\xb2\x00\
H\x92\xb4Xv4g\xadjN\x01\xc8\xb9*\xef\x97\
\xb7\xc6X\x92\xa4\x14\xe4\xfd\xf2\x17\xec\xdd\x8c\x1b\x00i\
T\x018\x9a\xed\xc0\x951\x96$)\x095\x9fo\xc2\
\x0e\x80wjN\x01\x98\xd5\x98S+\x92\xa4\x81\xd3\xa8\
5\xca\x02 I\xd2b\xa8\x9b\xb5F5\xab\x00l\xe3\
\x8a\xbc_\xce\xc4X\x92\xa4\x95\x94\xf7\xcbi\x86\xf9b\
\xccS\xd6\xac\x02p\x12[\xa9\xf9F\x8c%IZQ\
5_e=7\xc58e\xcd*\x00\x00\x19\x97\xc5H\
\x92\xa4\x15\xd6\xa8\xd3\xff4\xb4\x00L\xc6H\x92\xa4\x15\
\xd6\xb8\xb5\xa9y\x05`;Sy\xaf\xdc\x1ecI\x92\
VB\xde/\xb71\xca\x96\x98\xa7\xaey\x05\xe0\x04n\
&\xe3\x9fc,I\xd2\x8a\xa8\xf9'\xd6\xf2\xf3\x18\xa7\
\xaey\x05\x00\xa0\xe6\xa2\x18I\x92\xb4\x2226\xc7\xa8\
\x09\x9aY\x00\xb0\x00H\x92\x121\xd4\xcc5)\x8bA\
#\xd4dL\xf2\xfd\xaa[\x1c\x12G\x92$-\x97\xbc\
_~\x8f1\x0e\x8dy\x134\xf3\x0c@6W\x01$\
IZY\x9bb\xd0\x14\xcd,\x00\xb3\x1ay\xcaE\x92\
\xd4\x223\xcd\xbc\xfeO\xa3\x0b\xc06\xa6\xf2^\xd9\x98\
\xb7.I\x92\xda%\xef\x95\xdb\x19n\xde\xe3\x7fwj\
n\x018\x89\xadd|!\xc6\x92$-\x93\xcb\x9b\xb6\
\xfd\xef]5\xb7\x00\xcc\xfat\x0c$IZ&\x9f\x8a\
A\x934\xbb\x00\xccpn\xde+\xeb\x18K\x92\xb4\x94\
\xf2~9\xc30\x7f\x1f\xf3&iv\x01\xd8\xc0\xf7\xc0\
]\x01%I\xcb\xac\xe6s\xac\xe3\x071n\x92f\x17\
\x00\x80\x8c\xf3b$I\xd2\x12k\xfc\xda\xd3\xfc\x020\
\xcd\xb9y\xbf\x9c\x89\xb1$IK!\xef\x973\xcc4\
\xfb\xfa?\xad(\x00\x1b\xb9\x9e\x9a+b,I\xd2\x12\
\xb9\x94\x8d\x5c\x1f\xc3\xa6i~\x01\x00\xc887F\x92\
$-\x89\xba\x1dkN;\x0a\xc0\x08\x9f\xc8\xfb\xe5t\
\x8c%IZLs\x1b\xd0\xb5\xe2\x11\xf4v\x14\x80\xb5\
\xfc\x88\x9a\xcf\xc5X\x92\xa4E\x95\xf1Y\xc6\xf9I\x8c\
\x9b\xa8\x1d\x05\x00/\x03H\x92\x96\xc1L{\xd6\x9a6\
\x15\x80\xf3\xf3~yG\x8c%IZ\x0cy\xaf\xbc\x8d\
\xbd\xf8d\xcc\x9b\xaa=\x05`=U\xd3\xb7e\x94$\
%\xed\x13\xac\xe5\xc6\x186U{\x0a\x00@\xcd_\xc5\
H\x92\xa4E1\xd3\xae5&\x8bA\xa3\xd5dL\xf2\
\xcd\xaa[<,\x8e$IZ\xa8\xbc_~\x93\xf5<\
\x92\x8c\xd6\xbc\x7f\xa6]g\x002j\x86\xe8\xc7X\x92\
\xa4=\xf4\x916-\xfe\xb4\xae\x00\x00d\x9c\x93\xf7\xca\
\xed1\x96$i!\xf2~\xb9\x8d\x9a\x8f\xc6\xbc\xe9\xda\
W\x00\xd6\xf1c2.\x8c\xb1$I\x0b\xf4\x0fmy\
\xf6\xff\xae\xdaW\x00\xf0f@I\xd2\x22j\xd9\xcd\x7f\
wjg\x01\xb8\x82\x89\xbcW~'\xc6\x92$\xed\x8e\
\xbc_~\x9b\xcfsI\xcc\xdb\xa0\x9d\x05\xe0m\xcc\x90\
qN\x8c%I\xda-5=\xdeF+_9\xdf\xce\
\x02\x000\xc4\x87\xf2^y{\x8c%I\x9a\x8f\xbc_\
\xde\xc1\x0c\xbd\x98\xb7E{\x0b\xc0\xec\xcd\x80\x7f\x17c\
I\x92\xe6\xa5\xe6cl\xe4\xfa\x18\xb7E{\x0b\x00@\
\xcd\xfb\xf2^\xd9\xaa\xe76%IK/\xef\x955\xc3\
\x9c\x19\xf36iw\x01\x18\xe7k\xc0D\x8c%I\xda\
\xa5\x8c\x7fd\x1d\xd7\xc4\xb8M\xda]\x00\x00\x86x_\
\x8c$I\xda\xa5\xac\xfdkG\xbb\xde\x05\xb03\x13\x5c\
Uu\x8b\xdf\x88\xb1$IQ\xde/\xbf\xc4\x18G\xc7\
\xbcm\xda\x7f\x06\x00 k\xf7u\x1cI\xd2\x22\xaa\xf9\
\xb3\x18\xb5\xd1`\x14\x805\xfc]\xde/\xbf\x17cI\
\x92\xee*\xef\x95\xdfa\x94O\xc4\xbc\x8d\x06\xa3\x00\x1c\
\xcdvj\xfe<\xc6\x92$\xfd\x92\x8c\x0f\xb0\x96\x1d1\
n\xa3\xc1(\x00\x00\xa3\x9c\x9d\xf7\xcb\x9bc,I\x12\
\xb3\xdf\xfeo\xe4\xd6\xf6n\xfc\x13\x0dN\x01X\xcb\x8d\
\xc0\x07c,I\xd2\x9c\xf7s\x0a\xb7\xc4\xb0\xad\x06\xa7\
\x000\xfbXG\xde/o\x88\xb1$i\xb0\xe5\xbd\xb2\
bz\xb0\xbe$\x0eV\x01X\xcfM\xd4>\x11 I\
\xba\x9b\xf7p\x02\x03u\x99x\xb0\x0a\x00\xc0(\x1f\xc8\
\xfb\xe5Ob,I\x1aLy\xbf\xfc)\xa3\xfcE\xcc\
\xdbn\xf0\x0a\xc0Z~N\xdd\xfe\x1d\x9e$I\xf3\xf6\
.\xd6\xf2\xf3\x18\xb6\xdd`\xec\x04\x18]\xc1}\xb8\x85\
\xb2\xea\x16\x87\xc4\x91$ip\xe4\xfd\xf2z\xf6\xe3\xa1\
\x1c\xc3mq\xd6v\x83w\x06\x00\xe0\x18n#\xe3=\
1\x96$\x0d\x98\x9aw\x0c\xe2\xe2\xcf\xc0\x16\x00\x80\x11\
>\x9c\xf7\xcb\xef\xc7X\x924\x18\xf2^\xf9]\xa6\x07\
\xe7\xb9\xffhp\x0b\xc0Zn\x07\xde\x15cI\xd2\xc0\
x;'pG\x0c\x07\xc5\xe0\x16\x00\x805|$\xef\
\x95\xdf\x8a\xb1$\xa9\xdd\xf2^y-\xa3\xfcu\xcc\x07\
\xc9`\x17\x80\xd9w\x04\xbc!\xc6\x92\xa4\x96\x1b\xe2\xf5\
\x83\xb2\xe7\xff\xce\x0cv\x01\x00\xd8\xc0\x85y\xaf\xdc\x1c\
cIR;\xe5\xfd\xf2B\xd63\xf0?\xf7-\x00\x00\
\x19\xaf\xcf{\xe5\xf6\x18K\x92\xda%\xef\x95\xdb\x99\xe6\
\x8d1\x1fD\x16\x00\x801\xae\x05>\x14cIR\xeb\
\x9c\xc5F\xbe\x19\xc3A4\x98\x1b\x01\xdd\x93\x0b9\x88\
\x11\xbeUu\x8b\x83\xe3H\x92\xd4|y\xbf\xfc)#\
<|\xee\xed\xb0\x03\xcf3\x00w:\x89\xadd\xbc-\
\xc6\x92\xa4\x96\xa8\xf9c\x17\xff\xffb\x01\xb8\xab\x1b\xf9\
\xcb\xbcW^\x1dcIR\xb3\xe5\xfd\xf2\xeb\x8c\xd2\x8f\
\xf9 \xb3\x00\xdc\xd5\xa9L\x93\xf1\xba\x18K\x92\x1an\
\x86\xd7\x0d\xfac\x7f\x91\x05 \x1a\xe3\x92\xbc_~*\
\xc6\x92\xa4f\xca{\xe5yl`*\xe6\x83\xce\x02p\
O\xa6yE\xde/\xb7\xc6X\x92\xd4,y\xaf\xbc\xc9\
3\xbb\xf7\xcc\x02pO6r=5\x7f\x14cIR\
\xc3d\xbc\x8e1~\x18c\xf9\x18\xe0\xce\xd5dLq\
q\xd5)\x9e\x1aG\x92\xa4\xf4\xe5\xbd\xf2R\xc6x*\
\x19u\x9c\xc93\x00;\x97Q\x93\xf1\xf2\xbcW\x0e\xe4\
{\xa2%\xa9\xc9\xf2^y\x1b5\xa7\xb9\xf8\xef\x9c\x05\
`W\xd6\xf3-2\xde\x11cIR\xf2\xde\xca\x06\xca\
\x18\xea\xbfX\x00\xee\xcd\x08\xef\xc9{\xe5\xbf\xc6X\x92\
\x94\xa6\xbc_~\x85\x9c3c\xae_f\x01\xb87k\
\xd9\xc1\x10\xbf\x9b\xf7\xcb\xe98\x92$\xa5%\xef\x95;\
\xa8\xe9r4\xbe\xe0\xed^X\x00\xe6c=\xff\x02|\
0\xc6\x92\xa4\xc4d\xbc\x9fq\xbe\x14c\xdd\x9d\x05`\
\xben\xe7-y\xbf\xfcF\x8c%Ii\xc8{\xe55\
\xec\xc7[c\xae{f\x01\x98\xaf\xa7q+\xd3<?\
\xef\x97\xdb\xe2H\x92\xb4\xb2\xf2~y\x07\xf0|\x8e\xc1\
'\xb7\xe6\xc9\x02\xb0;6r\x15\xf0'1\x96$\xad\
\xb0\x9a73\xce\x97c\xac\x9d\xb3\x00\xec\xae\xcbyo\
\xde/?\x1bcI\xd2\xca\xc8\xfb\xe5\x14W\xf0\x81\x98\
k\xd7\xdc\x09p!.\xe6\x81L\xf3\x95\xaa[\xe4q\
$IZ>y\xbf\xdc\xca\x0c\x8fa\x03\xdf\x8b3\xed\
\x9ag\x00\x16b\x1d? \xe3\xf4\x18K\x92\x96\xdd\xef\
\xba\xf8/\x8c\x05`\xa1\xc6\xf8d\xde+\xcf\x89\xb1$\
iy\xe4\xfd\xf2l\xc68?\xe6\x9a\x1f\x0b\xc0\x9ey\
U\xde+\xbf\x15CI\xd2\xd2\xca\xfbe\xc9\xad\xbc1\
\xe6\x9a?\x0b\xc0\x9e\x18\xe7\x17\xc0\x8b\xf2^\xe9\x8eS\
\x92\xb4L\xf2~\xb9\x8d\x9a\xe7r\x0a\xb7\xc4\x99\xe6\xcf\
\x02\xb0\xa7\xc6\xf9\x02C\xbc!\xc6\x92\xa4%R\xf3j\
w\xfb\xdbs>\x05\xb0X&9\xa7\xea\x14/\x89\xb1\
$i\xf1\xe4\xfd\xf2\xe3\x8c\xf1\xc2\x98k\xf7y\x06`\
\xb1\xec\xc7\xef\xe5\xfd\xf2\xaa\x18K\x92\x16G\xde/\xbf\
\xc2\xed\xfcn\xcc\xb50\x9e\x01XL\x97\xf0\xab\xec\xe0\
K\xee\x0f I\x8b+\xef\x977\x90\xf18\xd6s]\
\x9cia<\x03\xb0\x98\x8e\xe7;\xd4<\xcfW\x07K\
\xd2\xe2\xc9\xfb\xe5\x0c5/p\xf1_\x5c\x16\x80\xc5\xb6\
\x81)\xe0Oc,IZ\xb0\xb70\xceE1\xd4\x9e\
\xf1\x12\xc0R\xa8\xc9\x98\xe2\xef\xabN\xf1\x8c8\x92$\
\xcd_\xde/?\xc3z\x9eNF\x1dg\xda3\x9e\x01\
X\x0a\x195\xdb\xe8\xe6\xbd\xf2\xdf\xe3H\x924?y\
\xaf\xfc\x16\x19/t\xf1_\x1a\x16\x80\xa5r\x12[\xc9\
89\xef\x97[\xe3H\x92\xb4ky\xbf\xbc\x81\x19\x9e\
\xc6zn\x8a3-\x0e\x0b\xc0R\x1a\xe3ZjN\xc9\
\xfb\xe5\x1dq$I\xbags;\xfd=\x9b\x8d|3\
\xce\xb4x,\x00Km\x9c\x7f\xa2\xe6%y\xaf\xf4\x14\
\x96$\xdd\x8b\xb9\x9f\x95/c\x9c\xcf\xc6\x99\x16\x97\x05\
`9\x8c\xf3w\xc0\xdbc,I\x0a2\xde\xc2\x18\x1f\
\x8b\xb1\x16\x9fO\x01,\x97\xd9'\x03\xce\xa9:\xc5\x8b\
\xe3H\x92\x04y\xbf\xec3F7\xe6Z\x1a\x9e\x01X\
.\x195k8-\xef\x95\x17\xc7\x91$\x0d\xba\xbcW\
^\xca\x8d\xbc<\xe6Z:\x9e\x01Xn\x9b8\x80a\
.\xab\xba\xc5\x91q$I\x83(\xef\x95\xd70\xca\xb1\
\xac\xe5\xc68\xd3\xd2\xb1\x00\xac\x84\x8bx\x08C\xfcs\
\xd5-\xee\x17G\x924H\xf2^\xf9C\x86x\x02\xeb\
\xf9n\x9ciiy\x09`%l\xe4\xdbd\xac\xcf\xfb\
\xe5\x0dq$I\x83\x22\xef\x957\x02'\xba\xf8\xaf\x0c\
\x0b\xc0J\x19\xe3jf\xd8\x98\xf7\xcb[\xe2H\x92\xda\
.\xef\x977\x93\xb1\x9eq\xbe\x1cgZ\x1e\x16\x80\x95\
\xb4\x81/2\xc3\x86\xbc_\xfe\x22\x8e$\xa9\xad\xf2~\
y+5'3\xc6\x95q\xa6\xe5c\x01Xi\x1b\xb8\
\x82\x19\x9e\x91\xf7\xca\xdb\xe3H\x92\xdafn\x97\xbfg\
1\xce?\xc5\x99\x96\x97\x05 \x05\x1b\x98b\x88\xe7\xe6\
\xbdrG\x1cIR[\xe4\xfdr\x9a\x9a\xe7\xfbj\xdf\
4X\x00R\xb1\x9e\x7f\x00\x9e\x97\xf7\xcb\xe98\x92\xa4\
\xa6\xcb\xfb\xe5\x0c\xf0B\xc6\xf9D\x9cieX\x00R\
2\xce'\xa8y\x99\xef\x0d\x90\xd4&y\xaf\xac\xa9y\
9c\xfcm\x9ci\xe5X\x00R3\xce\xff\x01^k\
\x09\x90\xd4\x06y\xaf\xac\xc9x5\xe3\x9c\x1dgZY\
n\x04\x94\xaaI^\x08\x9cSu\x8a\xe18\x92\xa4&\
\x98\xbb\xe6\xff\xbb\x8c\xd3\x8b3\xad<\x0b@\xca&x\
.\xf0\xd1\xaa[\x8c\xc4\x91$\xa5,\xef\x97\xd3dt\
X\xcfG\xe3Li\xb0\x00\xa4n3'\x91q~\xd5\
-\xf6\x8e#IJ\xd1\xdc\xa3~\xcfe\x9cO\xc5\x99\
\xd2a\x01h\x82\xcd\xac%\xe3\x82\xaa[\xec\x17G\x92\
\x94\x92\xb9M~\x9e\xc18\x93q\xa6\xb4X\x00\x9a\xe2\
\x22\x9e\xc80\x17V\x9d\xe2\x808\x92\xa4\x14\xe4\xbd\xf2\
&\xe0D\xc6\xb9<\xce\x94\x1e\x0b@\x93L\xf0X`\
s\xd5-\x0e\x8e#IZIy\xbf\xdcJ\xcdF\xc6\
\xf9B\x9c)M\x16\x80\xa6\xb9\x98\xa3\x98f\xa2\xea\x16\
\xf7\x8f#IZ\x09y\xaf\xfc!0\xce8_\x8b3\
\xa5\xcb}\x00\x9af\x1d_e\x98\xa3\xf3~\xe9\x1b\xb4\
$\xad\xb8\xbc_~\x8dU\x1c\xe3\xe2\xdf<\x16\x80&\
Z\xc7\x0f\xb8\x95'\xe5\xbdrs\x1cI\xd2r\xc9{\
\xe5%d\x1c\xc7\xf1|'\xce\x94>\x0b@S\x9d\xc2\
-\x8crr\xde/?\x1cG\x92\xb4\xd4\xf2^y\x0e\
9\x1bY\xcfMq\xa6f\xf0\x1e\x806\x98\xe45\xd4\
\x9cYu\x0b\xff~JZRs\xdb\x94\xbf\x9dq\xde\
\x1agj\x16\x17\x8c\xb6\x98\xe4Tj\xfe\xda\x0d\x83$\
-\x95\xb9\x0d~\xba\x8c\xf3\xf18S\xf3X\x00\xdad\
\x82c\x81O\xfb\x98\xa0\xa4\xc5\x96\xf7\xcb\xad\xc03\x18\
\xe3\xff\xc5\x99\x9a\xc9\x02\xd06\x93<\x12\xb8\xa0\xea\x14\
E\x1cI\xd2B\xe4\xbd\xf2[\xcc\xf046\xf2\xcd8\
Ssy\x13`\xdb\x8cq-;xl\xde/\xdd\x83\
[\xd2\x1e\xcb\xfb\xe5\x85\x8c\xf2[.\xfe\xed\xe3\x19\x80\
\xb6\xaa\xc9\x98\xe2\x0f\x80wU\x9d\xc2\xa2'i\xb7\xcc\
\xdd\xec\xf7\x1e\xae\xe0\xcd\xbc\x8d\x998W\xf3Y\x00\xda\
n\x82\x8dd|\xbc\xea\x14k\xe2H\x92\xeeI\xde+\
+2\x9e\xcf\x18\x13q\xa6\xf6\xb0\x00\x0c\x82)\x0ee\
\x86OT\xdd\xe2qq$Iw\x95\xf7\xcb/S\xf3\
L\xc6\xf9\x8f8S\xbbxjx\x10\xac\xe7\xbb\x8c\xf2\
\xa4\xbc_\xf6\xe3H\x92\xee\x94\xf7\xcb\x8fs;\xc7\xba\
\xf8\x0f\x06\xcf\x00\x0c\x9a\x09N'\xe3\x7fU\x9db4\
\x8e$\x0d\xa6\xbc_\xde\x01\xbc\x891>\x18gj/\
\x0b\xc0 \xda\xcc\xe3\x19\xe2o|TPR\xde/\xbf\
I\xcd\xf3\x19\xe7Kq\xa6v\xf3\x12\xc0 \xda\xc0\x17\
\xd9\x8f\xa3\xf2~yV\x1cI\x1a\x1cy\xaf\xfc\x18#\
\x1c\xed\xe2?\x98<\x030\xe8&y&5gW\xdd\
\x22\x8f#I\xed\x94\xf7\xca\x1b\x81\x973\xce\xdf\xc5\x99\
\x06\x87\x05@\xb0\x85\xfb\xb3\x8ds\xaan\xb1!\x8e$\
\xb5K\xde+/a\x98\x17\xb3\x8e\x1f\xc4\x99\x06\x8b\x05\
@\xb3f7\x0ez5\xf0\x1eo\x10\x94\xda'\xef\x95\
\xdb\x81wq\x05owc\x1fa\x01\xd0\xddLp\x04\
\xf0\x7f\xabnqd\x1cIj\xa6\xbcW^\xcb\x10\xcf\
g=\xff\x1ag\x1a\x5c\x16\x00\xdd\xdd\x05\xec\xc3^\xbc\
\x9d\x8c\xd7V\x9db8\x8e%5C\xde+w\x90q\
&\xfbq\x06\xc7p[\x9ck\xb0Y\x00\xb4s\x13\xfc\
:\xf0WU\xb78:\x8e$\xa5-\xef\x95_e\x88\
\x97\xb1\x9e\x7f\x893\x09\x0b\x80\xee\xd5\x16V\xb1\x9dW\
\x00\xef\xac:\xc5\xbeq,)-y\xaf\xbc\x0dx\x0f\
7\xf1.Ne[\x9cKw\xb2\x00h~.\xe1\xa1\
\xec\xe0\xc3U\xb78>\x8e$\xa5!\xef\x97\xff\xc44\
\xa7\xfb\xea^\xcd\x87\x05@\xf3W\x93q1/d\x86\
\xf7\xbbo\x80\x94\x8e\xb9\xe7\xfa\xdf\xc4\x18\x7fEF\x1d\
\xe7\xd2=\xb1\x00h\xf7Mr\x085\xff\xab\xea\x16\xcf\
\x8c#I\xcb+\xef\x97\xe72\xc4kX\xc7\x8f\xe3L\
\xda\x15\x0b\x80\x16n\x82\xa7\x02gV\xdd\xe2\xa88\x92\
\xb4\xb4\xe6\x1e\xed{=\xeb\xd9\x1cg\xd2|X\x00\xb4\
g\xce`\x88\xe3x\x015\xef\xad:\xc5\xaf\xc4\xb1\xa4\
\xc5\x95\xf7\xcb\x1b\x80\xb7s#\x7f\xce\xa9L\xc7\xb94\
_\x16\x00-\x8e\x0b9\x88\x11\xdeD\xc6\xeb\xdcIP\
Z|y\xaf\xdcN\xc6_2\xc2\x19\xac\xe5\xc68\x97\
v\x97\x05@\x8bk\x8a\x87S\xf3\xbe\xaaS\x9c\x14G\
\x92\x16&\xef\x95\x173\xc3k\xd9\xc8\xd7\xe3LZ(\
\x0b\x80\x96\xc6\x14\xeb\xa8\xf9@\xd5)\x1e\x1dG\x92\xe6\
'\xef\x95\xdf\x22\xe3\xf5\x8c\xf1\x8fq&\xed)\x0b\x80\
\x96\xce\x95\x8cP\xd1!\xe3\xbfW\x9d\xe2\xc1q,\xe9\
\x9e\xe5\xbd\xf2;d\xbc\x83\x11\xfe\x0fk\xd9\x11\xe7\xd2\
b\xb0\x00h\xe9\x9d\xc7(\x07\xf2\x12\xe0\x8c\xaa[\x1c\
\x12\xc7\x92f\xe5\xfd\xf2'\xc0\xfb\x19\xe1\x83\xac\xe5\xf6\
8\x97\x16\x93\x05@\xcbg\x13{1\xcc\x8b\x81\xb7U\
\xdd\xe2\xfeq,\x0d\xaa\xbcW\xfe\x8c\x8c?c?\xce\
\xf2\xa5=Z.\x16\x00-\xbf\x09\xf6%\xe3e\xc0\x9b\
}tP\x83,\xef\x95\x15\xf0\xe7L\xf3~N\xe0\xe6\
8\x97\x96\x92\x05@+g\x8a\x03\x99\xe1u\xc0k\xab\
nq`\x1cKm5\xb7u\xef\xfb\xb9\x8d\x0fp\x0a\
\xb7\xc4\xb9\xb4\x1c,\x00Zy\x9ff\x7f\xf6\xa1C\xcd\
\xeb\xabnqh\x1cKm\x91\xf7\xcb\xeb\xa99\x9bQ\
>\xe0\xb3\xfcZi\x16\x00\xa5\xe3\x0c\x868\x86\x13\xe7\
\x9e\x1a\xf8\xad8\x96\x9a*\xef\x97_&\xe3L\x0e\xe2\
o9\x9a\xedq.\xad\x04\x0b\x80\xd24\xc5q\xd4\xbc\
\x89\x9a\x13\xabn\xe1?\xa7j\x9c\xbcW\xd6\xc0%\xc0\
Y\x8c\xf3\x998\x97V\x9a?X\x95\xb6I\x1e\x06\xbc\
\x92\x9a\xd3\xaanq\x9f8\x96R\x93\xf7\xcbm\xd4\x9c\
\xcb\x0c\xefv\xe7>\xa5\xcc\x02\xa0f\xb8\x88\x070\xcc\
i\xd4t\xaan\xf1\xabq,\xad\xb4\xbc_~\x9b\x9a\
\x1e\xa3|\x84\xb5\xfc(\xce\xa5\xd4X\x00\xd4,\xb3o\
\x1f|*5\xa7\x03O\xf7\xc5CZIy\xbf\xdc\x06\
L\x02\x1f\xe5F>\xe9\xdb\xf9\xd4$\x16\x005\xd7\xec\
\x1b\x08\x9fM\xc6\xab\xaaNqD\x1cKKen\x8f\
\xfe>5\xe70\xceO\xe2\x5cj\x02\x0b\x80\xdaa\x82\
\xc7\x92q:\xf0\x82\xaaS\xec\x13\xc7\xd2\x9e\xca\xfb\xe5\
\x1d\xc0\x05d\x9c\xcd:.!\xa3\x8e\xc7HMb\x01\
P\xbblf\x0d\x19\xcf\x02N%\xe3)U\xa7\x18\x8e\
\x87H\xf3\x95\xf7\xca\x1ddl\xa1\xe6\x5cF\xf9{\x9f\
\xddW\x9bX\x00\xd4^\x9bY\xc30'Q\xf3lj\
6T\xddbU<D\x8a\xf2~9\x03|\x1e8\x9f\
\x11\xce\xf5\x86>\xb5\x95\x05@\x83a\x0b\x07\xb3\x83\x13\
\x98\xe1\x85d<\xb5\xea\x14C\xf1\x10\x0d\xae_Z\xf4\
\xa79\x8f\x8d\x5c\x1f\x8f\x91\xda\xc6\x02\xa0\xc1\xb3\x89\x07\
1\xcc\xb3\x81\xa7\x03\xc7zf`0\xe5\xbdr;p\
9\x19\x9ff\x88O\xb0\x8e\x1f\xc4c\xa46\xb3\x00h\
\xb0M\xb0/C<\x81\x9a\x93\xa99\xc5w\x11\xb4[\
\xde+\x7f\x0cL\x92\xf1\x19F\x98\xf2\x9a\xbe\x06\x99\x05\
@\xba\xab)\x0eg\x86ud\x9c\x0c\xac\xaf:\xc5^\
\xf1\x105\xc7\xdcM|_\x00>C\xcd\xc5\x8cq\x95\
w\xefK\xb3,\x00\xd2\xcela?vp<5\xeb\
\xa9y\x22\x19Gx\xef@\xda\xf2~9\x0d|\x8d\x9a\
\xcf\xcdm\xd0\xf3Y\xc6\xf9E<N\x92\x05@\x9a\xbf\
\xd9B\xf0\xeb\xd4\x1c\x0b\x1cG\xcdqU\xb7X\x1d\x0f\
\xd3\xf2\xc9\xfb\xe5/\x80/Ss\x19p95\x97\xb3\
\x81\x1b\xe2q\x92\xee\xce\x02 -\xd4y\x0c\xb3?\x8f\
`h\xae\x10d<\xb1\xea\x14\x0f\x89\x87i\xf1\xe4\xbd\
\xf2Gd\x5c\x09\x5cF\xc6\xe5l\xe5\x8b\x9c\xca\xb6x\
\x9c\xa4{g\x01\x90\x16\xd3\x85\x1c\xc4^<\x9a\x9a\xc7\
\x02\x8f\x02\x1eM\xcdo\xfa&\xc3\xdd3w\x87\xfe\xbf\
\x91\xf1uj\xae\x01\xbe\xc4\x10_g=\xd7\xc5c%\
-\x8c\x05@ZjW2B\xc5\xaf\x91q$5G\
\x01G\x01G\x00\x0f\xae\xba\xc5@\xff;\x98\xf7\xca\x1a\
\xf8.\xf05\xe0j\xe0+\xccp5{\xf3M\xd6\xb2\
#\x1e/i\xf1\x0c\xf4\x0f\x1fiE\x9d\xc7(\x07\xf1\
 \xe0pf8\x1c8\x84\x8c\x07Ps8p8p\
X\x1b\x0aB\xde/\xb7\x02\xd7\xcd\xfd\xba\x1e\xf8!p\
\x1d5\xd7\x01\xdf\xf0&=ie4\xfe\x87\x8b\xd4Z\
\x17\xb0\x0f#\x1cF\xc6a\x0cq_ \xa7\xe6`2\
\x0e\x06\xf2\xb9\xbf\x9e\xfd\x1d\xf2\xe5\xda\xd0(\xef\x95;\
\x80\x0a\xa8\xc8\xe6~\x87\x8a\x9a\x9f\x92\xf13j*2\
~\xca4\xdff;\xff\xc1\xd3\xb85\xfe\x19\x92V\x9e\
\x05@j\x8b-\xacf\x07k\x98\xe1 \x00j\xf6b\
\x98\xd97#\xd6\x1c\x00\x0c\x03\xab\xa8\xd9\x7f\xee\xbf\xb1\
/\x195\xf5\x7f.\xd07\x931\x0dL\x93q3\x00\
\xd3\xdcJ\xc6\x1d\x00\x0c\xb1\x95U\xdc\xe0\xe69\x92$\
I\x92$I\x92$I\x92$I\x92$I\x92$I\
\x92$I\x92$I\x92$I\x92$I\x92$I\x92\
$I\x92$I\x92$I\x92$I\x92$I\x92$\
I\x92$I\x92$I\x92$I\x92$I\x92$I\
\x92$I\x92$I\x92$I\x92$I\x92$I\x92\
$I\x92$I\x92$I\x92$I\x92$I\x92$\
I\x92$I\x92$I\x92$I\x92$I\x89\xfb\xff\
\xcb.\xe6e\x9f\x0e\xb4\xfa\x00\x00\x00\x00IEND\
\xaeB`\x82\
\x00\x00\x13\x14\
\x89\
PNG\x0d\x0a\x1a\x0a\x00\x00\x00\x0dIHDR\x00\
\x00\x01\x94\x00\x00\x01\xdc\x08\x06\x00\x00\x00\xf1\xce\x5c\xa1\
\x00\x00\x00\x01sRGB\x00\xae\xce\x1c\xe9\x00\x00\x00\
\x04gAMA\x00\x00\xb1\x8f\x0b\xfca\x05\x00\x00\x00\
\x09pHYs\x00\x00\x0b\x13\x00\x00\x0b\x13\x01\x00\x9a\
\x9c\x18\x00\x00\x12\xa9IDATx^\xed\xddK\xa8\
m\xf7A\xc7\xf1_oj\xdb\xf4\x91\xb6I\xdb\xe4&\
V\x8aV,EQ\x11E\x11\xa5\x22\xf8\x00E\xb0P\
t \x8a\x05_\xa8X\xacO\xd4\x82\x14Km\xea\xc0\
\x89\xa0N\x1c8p\xe0\xc0\x81\x03\x07\x82\xa0\xa2\x08\xbd\
I\xda\xa4\xa9I\xd3\xa4\x0fkM\xadM_I\x9b\xa7\
\x83\xfcW\xb2\xef\xce>\xe7\xec\xb3\xcfZ{\xfd\x1f\x9f\
\x0f,\xc8\xbd\xd9\xdc\xdc\xdc{\xce\xfe\xb1\xf7^k}\
\x13\x00\x00\x00\x00\x00\x00\x00`\x11\xd7l\xff\x04\x00\xec\
pC\x92\x9b\x92<\x91\xe4\xd1\xed\x7f\x19\x83\x02\xc0\x19\
^\x98\xe4MI\xde\x96\xe4\xab\x93\xdc\x9b\xe4s\xdb\x0f\
\x02\x80\x93</\xc97&yg\x92\xffH\xf2\xf9$\
\x7f\x9e\xe4\xeb\xb6\x1f\x08\x00'\xb9\x9c\xe4\x17\x93\xfcC\
\x92\x07\xcb\xdb\x5cO%\xf9\x0b\x83\x02\xc0>^\x9a\xe4\
G\x93\xfcu\x92\xfb\x93|\xa5\x0c\xc9t\x18\x14\x00N\
uM\x92oO\xf2'I\xeeH\xf2\xc5\xad!1(\
\x00\x9c\xe9uI\xde\x9e\xe4\x9f\x92|&\xc9\x93;\x86\
\xc4\xa0\x00p\xa2W$\xf9\x89$\x7f\x9b\xe4\x13I\x1e\
\xdb1 \xdb\x87A\x01\xe0\x19/H\xf2\xbdI\xfe,\
\xc9\xddI\x1e\xde1\x1c'\x1d\x06\x05\x80$\xc9\x1b\x92\
\xfcA\x92\x7fK\xf2\xd0\x19oo\xed:\x0c\x0a\xc0\xe0\
^\x93\xe4\xadI\xfe>\xc9\xa7\x92<\xbec,\xf69\
\x0c\x0a\xc0\xa0^\x9c\xe4\x87\x92\xfcU\x92\xfb\x92|y\
\xc7H\x9c\xe70(\x00\x83\xb9\x94\xe4[\x93\xbc;\xc9\
\x95$_\xd81\x0e\x87\x1c\x06\x05` \xafM\xf2\xab\
I\xfe1\xc9\xa77\xaer\x9f\xe30(\x00\x03\xb8.\
\xc9\x9b\x93\xfcM\x92\x8f\x95;\x02o\x0f\xc2E\x0f\x83\
\x02\xd0\xb1\xe7'\xf9\xae$\x7f\x9a\xe4\xce$_\xda1\
\x04s\x1d\x06\x05\xa0S\xafO\xf2;I\xfe9\xc9g\
\x0f8\x0d\xf8\xbc\x87A\x01\xe8\xcc\x0dI~*\xc9\xdf\
%\xf9\xe4\x9eW\xb9\xcfq\x18\x14\x80N\xbc0\xc9\xf7\
'\xf9\xcb$\xf7$yd\xc7\x93\xfe\x92\x87A\x01h\
\xdc\xae\xd8\xd5\xf6\x93\xfd1\x0e\x83\x02\xd0\xb0\x93bW\
k\x1c\x06\x05\xa0Ag\xc5\xae\xd68\x0c\x0a@C\xf6\
\x8d]\xadq\x18\x14\x80F\x9c'v\xb5\xc6aP\x00\
*wH\xecj\x8d\xc3\xa0\x00T\xea\x22\xb1\xab5\x8e\
S\x07\xe5\xd2\xf6O\x00p\x14oH\xf2\xdb\xe5\x8e\xc0\
?\x99\xe4\x1b\x92\x5c\xbb\xfd \x008\xc9\x5c\xb1\xab5\
\x8eS_\xa1\x00p\x1cs\xc7\xae\xd68\x0c\x0a\xc0\x8a\
\x96\x8a]\xadq\x9c:(>C\x01X\xcek\x93\xfc\
r\x92[\x93\xfcl\x92o.\x17,\x02\xc0^\x8e\x11\
\xbbZ\xe38\xf5\x15\x0a\x00\xf39f\xecj\x8d\xe3\xd4\
A\xf1\x96\x17\xc0<^\x9f\xe47\x92\xfcqi\x95\xbc\
\xb1|\x10?\x0c\x83\x02p1S\xec\xea\xbdI~%\
\xc9w\x96+\xdf\x9f\xb7\xfd@\x00\xd8e\xed\xd8\xd5\x1a\
\x87\xb7\xbc\x00f4\xc5\xae~?\xc9\xbb\x92\xbc%\xc9\
\xd7'y\xd1\xf6\x03GcP\x00\xf6w9\xc9/\x94\
\xb7\xb7~.\xc9\xb7%y\xd9\xf6\x83FeP\x00\xce\
6\xc5\xaenM\xf2\x9bI\xde\x94\xe4\xd5\x9eC\xaf\xe6\
\x0f\x03\xe0dS\xec\xea\x0fK\xcf\xfd\xc7J\xb3\xe4\x05\
\xdb\x0f\xc4\xa0\x00\x9c\xe4uI~-\xc9{\x92\xfct\
\x92oJ\xf2\x92\xed\x07\xf1,\x83\x02p\xb5)v\xf5\
\xde$oK\xf2\xddI\xaew\x1a\xf0\xd9\x0c\x0a\xc0\xd3\
\xa6\xd8\xd5\xbb\x92\xbc#\xc9\x0f'\xb9\xa5\x5c\xfd\xce\x1e\
\x0c\x0a\x80\xd8\xd5,\x0c\x0a0\xb2)v\xf5\xde$\xbf\
T>\x80\x7f\xb9\xb7\xb7\x0ecP\x80\x11M\xb1\xab\xf7\
$\xf9\xddr\xc5\xfb\x8d\xe5\xac.\x0edP\x80\x91L\
\xb1\xabw$\xf9\xa3$?\x9e\xe4k\xcbmT\xb8 \
\x83\x02\x8cB\xecja\x06\x05\xe8\xddu\xe5\x95\xc8\xad\
I\xde\x9e\xe4{\x92\xbc\xca\xf3\xdf\xfc\xfc\x81\x02\xbd\x9a\
bW\xef,W\xba\xffHy\x95\xf2U\xdb\x0fd\x1e\
\x06\x05\xe8\xd1\xf0\xb1\xab5\x18\x14\xa0'bW+2\
(@\x0f\xa6\xd8\xd5\xbbK\xa7\xe4\x07\xca\xad\xe6]\xe5\
~D\x06\x05h\x99\xd8UE\x0c\x0a\xd0*\xb1\xab\xca\
\x18\x14\xa05bW\x95\xf2\x17\x00\xb4B\xec\xaar\x06\
\x05h\x81\xd8U\x03\x0c\x0aP3\xb1\xab\x86\x18\x14\xa0\
FbW\x0d2(@m\xc4\xae\x1aeP\x80Z\x88\
]5\xce\xa0\x00k\x13\xbb\xea\x84A\x01\xd6rI\xec\
\xaa/\x06\x05X\x83\xd8U\x87\x0c\x0apLbW\x1d\
\xf3\x97\x08\x1c\x83\xd8\xd5\x00\x0c\x0a\xb04\xb1\xabA\x18\
\x14`)bW\x831(\xc0\xdc\xc4\xae\x06eP\x80\
\xb9\x88]\x0d\xce\xa0\x00s\x10\xbb\xc2\xa0\x00\x17\x22v\
\xc53\xfc\xa5\x03\x87\x10\xbb\xe29\x0c\x0ap^bW\
\xecdP\x80}\x89]q*\x83\x02\x9cE\xec\x8a\xbd\
\x18\x14\xe04bW\xec\xcd\xa0\x00\xbb\x88]qn\x06\
\x05\xd8$v\xc5\xc1\x0c\x0a\x90\xf2\x5c v\xc5\x85\x18\
\x14@\xec\x8aY\x18\x14\x18\x97\xd8\x15\xb3\xf2\x85\x03\xe3\
\x11\xbbb\x11\x06\x05\xc6\x22v\xc5b\x0c\x0a\x8cA\xec\
\x8a\xc5\x19\x14\xe8\x9b\xd8\x15GcP\xa0ObW\x1c\
\x9dA\x81\xfe\x88]\xb1\x0a\x83\x02\xfd\x10\xbbbU\xbe\
\xd0\xa0}bWT\xc1\xa0@\xdb\xc4\xae\xa8\x86A\x81\
6\x89]Q\x1d\x83\x02m\x11\xbb\xa2Z\x06\x05\xda!\
vE\xd5\x0c\x0a\xd4O\xec\x8a&\x18\x14\xa8\x97\xd8\x15\
M1(P\x9fKbW\xb4\xc8\xa0@]\xc4\xaeh\
\x96A\x81:\x88]\xd1<_\xac\xb0.\xb1+\xbaa\
P`=bWt\xc5\xa0\xc0\xf1\x89]\xd1%\x83\x02\
\xc7#vE\xd7\x0c\x0a,O\xec\x8a!\x18\x14X\x96\
\xd8\x15\xc30(\xb0\x0c\xb1+\x86\xe3\x8b\x1b\xe6%v\
\xc5\xb0\x0c\x0a\xccG\xec\x8a\xa1\x19\x14\xb88\xb1+0\
(p!bW\xb0\xc1\xa0\xc0a\xc4\xae`\x8bA\x81\
\xf3\x11\xbb\x82\x13\x18\x14\xd8\x8f\xd8\x15\x9c\xc1\xa0\xc0\xe9\
.\x89]\xc1~\x0c\x0a\x9cl\x8a]\xbdG\xec\x0a\xce\
fP\xe0\xb96cW\xbf^\xce\xe4\x12\xbb\x823\xf8\
\x06\x81g\xed\x8a]}\x8d\xd8\x15\xec\xc7\xa0\xc0\xd3\xc4\
\xae\xe0\x82\x0c\x0a\xa3\x13\xbb\x82\x99\x18\x14F%v\x05\
33(\x8cF\xec\x0a\x16bP\x18\x89\xd8\x15,\xc8\
\xa00\x82\x97\x88]\xc1\xf2|C\xd13\xb1+8\x22\
\x83B\xaf6cW?#v\x05\xcb3(\xf4F\xec\
\x0aVbP\xe8\x85\xd8\x15\xac\xcc\xa0\xd0\x03\xb1+\xa8\
\x80A\xa1ebWP\x11\x83B\x8b\xc4\xae\xa0B\x06\
\x85\x96\x5cJ\xf2-bWP'\x83B+\xa6\xd8\xd5\
\xadbWP'\x83B\xed\xc4\xae\xa0\x11\xbe)\xa9\x95\
\xd8\x154\xc6\xa0P#\xb1+h\x90A\xa1&bW\
\xd00\x83B\x0d\xc4\xae\xa0\x03\x06\x855\x89]AG\
\x0c\x0ak\x11\xbb\x82\xce\x18\x14\x8eM\xec\x0a:\xe5\x9b\
\x98c\x11\xbb\x82\xce\x19\x14\x8eA\xec\x0a\x06`PX\
\x92\xd8\x15\x0c\xc4\xa0\xb0\x04\xb1+\x18\x90Aanb\
W0(\x83\xc2\x5c\xc4\xae`p\x06\x85\x8b\x12\xbb\x02\
\x12\x83\xc2\x05\x5c\x12\xbb\x026\x19\x14\x0e!v\x05<\
\x87A\xe1<\xc4\xae\x80\x13y\x22`\x1fbW\xc0\x99\
\x0c\x0ag\x11\xbb\x02\xf6bP8\x89\xd8\x15p.\x06\
\x85mbW\xc0A\x0c\x0a\x13\xb1+\xe0B\x0c\x0a\x11\
\xbb\x02\xe6`P\xc6&v\x05\xcc\xc6\x13\xc7\x98\xc4\xae\
\x80\xd9\x19\x94\xf1\x88]\x01\x8b0(\xe3\x10\xbb\x02\x16\
eP\xfa'v\x05\x1c\x85A\xe9\x9b\xd8\x15p4\x06\
\xa5ObW\xc0\xd1\x19\x94\xbe\x5c+v\x05\xac\xc5\xa0\
\xf4\xe1\x92\xd8\x15\xb06\x83\xd2\xbe\xcd\xd8\xd5[\xc5\xae\
\x80\xb5\x18\x94v\x89]\x01U\xf1\xe4\xd3\x1e\xb1+\xa0\
J\x06\xa5-bW@\xb5\x0cJ\x1b\xc4\xae\x80\xea\x19\
\x94\xba\x89]\x01\xcd0(u\x12\xbb\x02\x9acP\xea\
s9\xc9\xcf\x8b]\x01\xad1(\xf5\xd8\x8c]\xfd\x96\
\xd8\x15\xd0\x1aOV\xeb\x13\xbb\x02\xba`P\xd6%v\
\x05t\xc3\xa0\xacC\xec\x0a\xe8\x8eA9.\xb1+\xa0\
[\x06\xe5x\xc4\xae\x80\xae\x19\x94\xe5\x89]\x01C0\
(\xcb\x11\xbb\x02\x86bP\xe6wI\xec\x0a\x18\x91A\
\x99\x97\xd8\x150,\x832\x0f\xb1+`x\x9e\xf0.\
F\xec\x0a\xa00(\x87\x13\xbb\x02\xd8`P\xceO\xec\
\x0a`\x07\x83\xb2?\xb1+\x80S\x18\x94\xb3\x89]\x01\
\xec\xc1\xa0\x9cN\xec\x0a`O\x06e7\xb1+\x80s\
\xf2\x04y5\xb1+\x80\x03\x19\x94g\x89]\x01\x5c\x80\
A\x11\xbb\x02\x98\xc5\xc8\x83\x22v\x050\xa3Q\x07E\
\xec\x0a`f\xa3\x0d\x8a\xd8\x15\xc0BF\x19\x94k\x93\
\xfc`\xb9\xef\x96\xd8\x15\xc0\x02z\x1f\x94K\x1b\xb1\xab\
w%y\xb3\xd8\x15\xc02z\x1e\x14\xb1+\x80#\xea\
qP\xc4\xae\x00V\xd0\xd3\x93\xac\xd8\x15\xc0\x8az\x19\
\x14\xb1+\x80\x95\xb5>(bW\x00\x95huP\xc4\
\xae\x00*\xd3\xda\xa0L\xb1\xab\xdf\x13\xbb\x02\xa8KK\
\x832\xc5\xaen\x15\xbb\x02\xa8O\x0b\x83\xb2\x1d\xbb\xfa\
\xber\x0b\x95\x16~\xef\x00\xc3\xa8\xf9IY\xec\x0a\xa0\
!\xb5\x0e\x8a\xd8\x15@cj\x1b\x14\xb1+\x80F\xd5\
2(bW\x00\x8d\xabaP\xc4\xae\x00:\xb0\xe6\xa0\
\x88]\x01td\x8dA\x11\xbb\x02\xe8\xd01\x07\xe5\x92\
\xd8\x15@\xbf\x8e5(bW\x00\x9d[zP\xc4\xae\
\x00\x06\xb1\xd4\x13\xbb\xd8\x15\xc0`\x96\x18\x14\xb1+\x80\
\x01\xcd9(bW\x00\x03\x9bcP\xc4\xae\x00\xb8\xd0\
\xa0\x88]\x01\xf0\x8cC\x07E\xec\x0a\x80\xab\x9cwP\
\xc4\xae\x00\xd8i\xdf!\x10\xbb\x02\xe0T\xfb\x0e\xca\xa5\
$7\x973\xb7\xde(v\x05\xc0\xb6\xf3\xdc\x90\xf1\xa1\
$\xf7$y\xac\xb4J\xdc:\x05`,W\x92\xfcK\
\x92\xcfn\xff\x8b\x9ccP\x9eJ\xf2\xc5$\x1fKr\
G\x92\xff,\x17+\xde\xe4m/\x80a\xcc2(\x93\
'\xca/t_\x92\xf7%\xf9\xaf$\xafv\x7f.\x80\
!\xcc:(\x93G\x93<X^\xa9\xdcV^\xbd\xdc\
\x5c\x02Y\x00\xf4i\x91A\x99<\x9c\xe4\x13I\xeeL\
rW\xf9\xf5.\xbb\xb8\x11\xa0K\x8b\x0eJ\x92<\x99\
\xe4sI\xee/\xff\xb1\x07\x92\x5c_\xde\x0as\xfb\x15\
\x80~,>(\x93\xc7\x93\xfco\x92{\xcb\xe7+\xff\
W^\xad\xbc\xd2\x0d\x22\x01\xbap\xb4A\x99|9\xc9\
'\x93|0\xc9\xfb\xcb\x07\xf97\xbbv\x05\xa0yG\
\x1f\x94\x94\xd3\x8c\xbf\x90\xe4\xa3In/\xafZ^\x96\
\xe4F\x91-\x80f\xad2(\x93'\xca[_\x1f.\
o\x83}\xaa\x8c\xca\x0dN3\x06h\xce\xaa\x832y\
\xb4\x8c\xc9\x87\xcai\xc6\x0f\x97\xab\xed\xdd\xa1\x18\xa0\x1d\
U\x0c\xca\xe4KI>\x9e\xe4\x03I\xee.W\xd9_\
.\x91.\x00\xeaV\xd5\xa0\xa4\x9cf\xfcP\x92\x8f\x94\
\xdf\xdc\xc7\xcb[`\xafZ\xe9\xf7\x03\xc0~\xaa\x1b\x94\
\xc9c\xe5j\xfb{\xca\xdb`\x0fm\x5cm\xef4c\
\x80\xfaT;(\x93G\xca=\xc1\xee*o\x85\xa5\x0c\
\xcb\xb5[\x8f\x03`]\xd5\x0fJ\xcai\xc6\x9f/W\
\xd9\xdf^n>\xf9\xf2rF\x98\xab\xed\x01\xea\xd0\xc4\
\xa0L\x1eO\xf2\x99\x8d\xd3\x8c\x1f,\xb7\xc8\xbf\xde\xdb\
`\x00\xabkjP&_)\xa7\x19\xdf]\xfa+\x8f\
\x8az\x01\xac\xae\xc9A\x89\xa8\x17@u\x9a\x1d\x94\x89\
\xa8\x17@\x1d\x9a\x1f\x94\xc9v\xd4\xeb\x0b\xe5m0Q\
/\x80\xe3\xe8fP&\xa2^\x00\xeb\xe8nPrB\
\xd4\xeb\x95I^\xe34c\x80\xc5t9(\x93)\xea\
uO\xf9\x1f\x15\xf5\x02XN\xd7\x832\x11\xf5\x02X\
\xde\x10\x83\x12Q/\x80\xc5\x0d3(\x13Q/\x80e\
\x0c7(\x13Q/\x80y\x0d;(\x13Q/\x80y\
\x0c?(\x11\xf5\x02\x98\x85A\xd9\xb0\x19\xf5\xbaR\xae\
e\xb9\x9c\xe4\x15N3\x068\x93A\xd9a\x8az\xdd\
Y\x8e\x94ay\xf1\xd6\xe3\x00x\x96A9\xc1t\x9a\
\xf1\x03\xe5C\xfb\x8f\x88z\x01\x9c\xca\xa0\x9cA\xd4\x0b\
`?\x06eO\xa2^\x00\xa73(\xe7 \xea\x05p\
2\x83r\x00Q/\x80\xe72(\x17 \xea\x05\xf0,\
\x832\x03Q/\x00\x832\x1bQ/`t\x06ef\
\xdbQ\xaf\xcf\x88z\x01\x830(\x0b\xd9\x8ez=.\
\xea\x05t\xce\xa0,h:\xcdx3\xea\xf5\xd2r\x9a\
\xb1\xa8\x17\xd0\x1b\x83r\x04\x9bQ\xaf+\xa2^@\xa7\
\x0c\xca\x11\x89z\x01=3(+\x10\xf5\x02zdP\
V\x22\xea\x05\xf4\xc6\xa0\xacL\xd4\x0b\xe8\x85A\xa9\x84\
\xa8\x17\xd0:\x83R\x91]Q\xaf\xeb\xca\xd5\xf6N3\
\x06jgP*\xb4\x1d\xf5\xfa\xb4\xa8\x17\xd0\x00\x83R\
\xb1\xcd\xa8\xd7\xed\xe5\xc77\x8bz\x01\x952(\x95\xdb\
\x8cz\xbd\xbf\xdc*\xffZQ/\xa0B\x06\xa5\x11O\
\x96\xbf\xa4\xe94cQ/\xa06\x06\xa51\xa2^@\
\xad\x0cJ\xa3D\xbd\x80\xda\x18\x94\x86\x89z\x0151\
(\x1d\x10\xf5\x02j`P:\x22\xea\x05\xac\xc9\xa0t\
F\xd4\x0bX\x8bA\xe9\xd4\xae\xa8\xd7kD\xbd\x80\x05\
\x19\x94\xcemF\xbdn\x17\xf5\x02\x16dP\x06!\xea\
\x05,\xcd\xa0\x0cD\xd4\x0bX\x92A\x19\x90\xa8\x17\xb0\
\x04\x8320Q/`N\x06ep\xa2^\xc0\x5c\x0c\
\x0a\x89\xa8\x170\x03\x83\xc2UD\xbd\x80C\x19\x14\x9e\
C\xd4\x0b8\x84A\xe1D\x9bQ\xaf\xf7\x89z\x01g\
0(\x9ci3\xeauE\xd4\x0b8\x81Aao\x0f\
\x97W)\x1f(Q\xaf\xe7\x8bz\x01\x1b\x0c\x0a\xe7\xf2\
d\x92\xcf\x8bz\x01;\x18\x14\x0e\x22\xea\x05l3(\
\x5c\x88\xa8\x1701(\x5c\x98\xa8\x17\x10\x83\xc2\x9cD\
\xbd`l\x06\x85\xd9\x89z\xc1\x98\x0c\x0a\x8b\xd9\x8cz\
}P\xd4\x0b\xbagPX\xd4v\xd4\xebc\xe5-\xb0\
W\xfb\xfa\x82\xee\x18\x14\x8e\xe2\xb1r\x07\xe3\xe94\xe3\
\x87\xca\xd9`\xa2^\xd0\x0f\x83\xc2QMQ\xaf\xbbD\
\xbd\xa0;\x06\x85\xa3\x13\xf5\x82>\x19\x14V#\xea\x05\
}1(\xacN\xd4\x0b\xfa`P\xa8\x82\xa8\x17\xb4\xcf\
\xa0P\x15Q/h\x97A\xa1J\xbb\xa2^7\x97\x0f\
\xef}\xbe\x02u2(Tm;\xeauM9\xcd\xf8\
\xda\xed\x07\x02\xab3(To3\xeau\x9b\xa8\x17T\
\xcb\xa0\xd0\x8c)\xeauo\xf9|E\xd4\x0b\xeabP\
h\x8e\xa8\x17\xd4\xc9\xa0\xd0$Q/\xa8\x8fA\xa1i\
\xa2^P\x0f\x83B\x17D\xbd`}\x06\x85\xae\x88z\
\xc1z\x0c\x0a\xdd\x11\xf5\x82u\x18\x14\xba%\xea\x05\xc7\
eP\xe8\xdef\xd4\xeb\x03\xe5\xe7n\x16\xf5\x82\xd9\x19\
\x14\x860E\xbd>Z\xae\xb6\xbf/\xc9\xcbE\xbd`\
V\x06\x85\xa1\x88z\xc1r\x0c\x0aC\x12\xf5\x82\xf9\x19\
\x14\x86%\xea\x05\xf32(\x0cO\xd4\x0b\xe6aP\xa0\
\x10\xf5\x82\x8b1(\xb0E\xd4\x0b\x0ecP`\x07Q\
/8?\x83\x02\xa7\xd8\x15\xf5\xbaI\xd4\x0bv2(\
\xb0\x87]Q\xaf[D\xbd\xe0*\x06\x05\xf6\xb4y\x9a\
\xf1\x1d\xe5\x1ea/Mr\xa3\xd3\x8c!1(p~\
S\xd4\xeb\xbe\xf2\x0d$\xea\x05O3(p Q/\
\xb8\x9aA\x81\x0b\x12\xf5\x82\xa7\x19\x14\x98\x81\xa8\x17\x18\
\x14\x98\x95\xa8\x17#3(\xb0\x00Q/FdP`\
!\xa2^\x8c\xc6\xa0\xc0\xc2\xb6\xa3^\x0f\x8az\xd1)\
\x83\x02G\x22\xeaE\xef\x0c\x0a\x1c\xd1S\xe54cQ\
/zdP`\x05\xa2^\xf4\xc8\xa0\xc0\x8aD\xbd\xe8\
\x89A\x81\x0a\x88z\xd1\x03\x83\x02\x95\x10\xf5\xa2u\x06\
\x05*#\xeaE\xab\x0c\x0aTJ\xd4\x8b\xd6\x18\x14\xa8\
\x98\xa8\x17-1(\xd0\x80\xcd\xa8\xd7\xfb\xca\x05\x927\
\x96\xab\xed\x9dfL-\x0c\x0a4\xe4\xd1$\xffS\xa2\
^\xb7\x95\xb3\xc3\xa6\xd3\x8cam\x06\x05\x1a\xf4\xf0F\
\xd4\xebnQ/*aP\xa0QO&\xf9\x9c\xa8\x17\
\x151(\xd08Q/jaP\xa0\x13\xa2^\xac\xcd\
\xa0@GD\xbdX\x93A\x81\x0e\x89z\xb1\x06\x83\x02\
\x1d\x13\xf5\xe2\x98\x0c\x0atnW\xd4\xebE\xe5\x15\x8b\
\xd3\x8c\x99\x93A\x81A\xec\x8az\xbd\xaa\x1c\xbe\xd7\x99\
\x83A\x81\xc1\x88z\xb1\x14\x83\x02\x83\x9a\xa2^w\x96\
\xe3\x1aQ/.\xc8\xa0\xc0\xc0\xa6\xa8\xd7\x03\xa2^\xcc\
\xc0\xa0\x00\xa2^\xcc\xc2\xa0\x00\xcf\x10\xf5\xe2\x22\x0c\x0a\
p\x15Q/\x0eeP\x80\x9dD\xbd8/\x83\x02\x9c\
J\xd4\x8b}\x19\x14`/\xbb\xa2^7\x95\xab\xee!\
\x06\x058\x0fQ/NcP\x80s\x9b\xa2^\xd3i\
\xc6\x9f\x15\xf5\xc2\xa0\x00\x17\xf1H9\xcdX\xd4\x8b\x18\
\x14\xe0\xa2D\xbd\x98\x18\x14`\x16\xa2^\x18\x14`V\
\xa2^\xe32(\xc0\xecD\xbd\xc6dP\x80\xc5\x88z\
\x8d\xc5\xa0\x00\x8b\x13\xf5\x1a\x83A\x01\x8eF\xd4\xabo\
\x06\x058\xaa\xcd\xa8\xd7\x95$\xf7\x8bzu\xc3\xa0\x00\
\xab\xd8\x8cz])\xff|Y\xd4\xabi\x06\x05X\x95\
\xa8W?\x0c\x0a\xb0:Q\xaf>\x18\x14\xa0\x1a\xa2^\
m3(@uD\xbd\xdadP\x80j\x89z\xb5\xc5\
\xa0\x00U\x13\xf5j\x87A\x01\x9a\xb0+\xeauY\xd4\
\xab*\x06\x05h\xcav\xd4\xeb)Q\xafj\x18\x14\xa0\
9\x9bQ\xaf\xdbK\x83\xe5\xbarF\x98\xa8\xd7z\x0c\
\x0a\xd0,Q\xaf\xba\x18\x14\xa0y\xa2^u0(@\
\x17D\xbd\xd6gP\x80\xae\x88z\xad\xc7\xa0\x00]\x12\
\xf5:>\x83\x02tM\xd4\xebx\x0c\x0a\xd0=Q\xaf\
\xe30(\xc00D\xbd\x96eP\x80\xe1\xec\x8az\xdd\
,\xeaua\x06\x05\x18\xd2\x14\xf5\xfah\x89z\xdd[\
\x06E\xd4\xebp\x06\x05\x18\x9a\xa8\xd7|\x0c\x0a\x80\xa8\
\xd7,\x0c\x0a\xc0\x06Q\xaf\xc3\x19\x14\x80-\xa2^\x87\
1(\x00'\x10\xf5:\x1f\x83\x02p\x06Q\xaf\xfd\x18\
\x14\x80=\x88z\x9d\xcd\xa0\x00\x9c\xc3\xae\xa8\x97\xd3\x8c\
\x9ffP\x00\x0e\xb0\x19\xf5\xba\xa3\xfc\xf8\x96\xc1\xa3^\
\x06\x05\xe0@\xdbQ\xaf\x0f\x95\xbb\x18\x8f\x1a\xf52(\
\x00\x17\xf4d\x92\x87\xca\xd5\xf6W\x06\x8ez\x19\x14\x80\
\x99<6x\xd4\xcb\xa0\x00\xccl\xd4\xa8\x97A\x01X\
\xc0\x88Q/\x83\x02\xb0\xa0\x91\xa2^\x06\x05\xe0\x08F\
\x88z\x19\x14\x80#\xe9=\xeaeP\x00\x8el;\xea\
\xf5\xdf\xe5\xb3\x95\x1b\x1a\xbf\xda\xde\xa0\x00\xacd3\xea\
u{\xb9H\xf2\x96\x86\xa3^\x06\x05`e\x9bQ\xaf\
\x0f\x96\x9bM^n0\xeaeP\x00*0E\xbd\xee\
/O\xcc-F\xbd\x0c\x0a@EZ\x8ez\x19\x14\x80\
\x0a\xb5\x18\xf52(\x00\x95j-\xeaeP\x00*\xd7\
J\xd4\xcb\xa0\x004\xa2\xf6\xa8\x97A\x01h\xc8\xae\xa8\
\xd7\x8b*\x89z\x19\x14\x80\x06mG\xbd>QN1\
^3\xeaeP\x00\x1a\xb6\x19\xf5\xba\xad\xdc2\x7f\xba\
\xda\xfe\xd8\xa7\x19\x1b\x14\x80\x0e<R^\xa5\xdc\xb5b\
\xd4\xcb\xa0\x00t\xe2\xa9\x95\xa3^\x06\x05\xa03kE\
\xbd\x0c\x0a@\xa7\x8e\x1d\xf52(\x00\x1d;f\xd4\xcb\
\xa0\x00\x0c\xe0\x18Q/\x83\x020\x90%\xa3^\x06\x05\
`@KD\xbd\x0c\x0a\xc0\xa0vE\xbd\xae\xbf@\xd4\
\xcb\xa0\x00\x0cn3\xeau\xa5\x0c\xc2!Q/\x83\x02\
@\xb2\x15\xf5z\xff\x01Q/\x83\x02\xc03\xa6\xa8\xd7\
\x03\x07D\xbd\x0c\x0a\x00\xcf\xf1\xc4\x01Q/\x83\x02\xc0\
\x89\xce\x13\xf52(\x00\x9cj\xdf\xa8\x97A\x01`/\
gE\xbd\x0c\x0a\x00\xe7rR\xd4\xeb\xc3I\xfe\xf5\xa4\
A9\xcf\xf9\xc7\x00\x8c\xe7\x9arj\xf1w\x94\x0f\xf2\
\xff\xbd|\xe6\xf2\x1c\x06\x05\x80}\x5c[N+\xfer\
\xb9_\x18\x00\x00\x00\x00\x00\x00\x00\x00\x00\x00\x00\x00\x00\
\x00\x00\x00\x00\x00\x00\x00\x00\x00\x00\x00\xc0b\xfe\x1f\xee\
\x19\xd5}]\x97\xd5?\x00\x00\x00\x00IEND\xae\
B`\x82\
\x00\x00\x13U\
\x89\
PNG\x0d\x0a\x1a\x0a\x00\x00\x00\x0dIHDR\x00\
\x00\x01\x94\x00\x00\x01\xdc\x08\x06\x00\x00\x00\xf1\xce\x5c\xa1\
\x00\x00\x00\x01sRGB\x00\xae\xce\x1c\xe9\x00\x00\x00\
\x04gAMA\x00\x00\xb1\x8f\x0b\xfca\x05\x00\x00\x00\
\x09pHYs\x00\x00\x0b\x13\x00\x00\x0b\x13\x01\x00\x9a\
\x9c\x18\x00\x00\x12\xeaIDATx^\xed\xddY\xcc\
mgA\xc6\xf1\xa7\xfd\xda\xd2B\x07\x10\x01\x19-\xb6\
R\x84*`\x0b\x9cs\xa2&\xc6\x1bo\xbc\xf2\xc6\x1b\
/\x8cW\xc6\xc4\x1b@\x83!$\x06b\xc4\x91\xa8q\
@1\x1a4\x0e\x09$D\x8dbB$\x1a\x83\xd18\
E\xe3\x8c\x03*\xa88 \xed)\x1d\xcf\xf1\x82w\xb5\
\xfb\xac~\xc3\xde\xdf^k\xaf\xf7}\xd7\xef\x974i\
Ow\xdb\xef;i\xcf\xbf{\xedw\xad'\x01\x00\x00\
\x00\x00\x00\x00\x00\x00\x00\x00\x00\x00\x00\x00\x00\x00\x00\x00\
\x00\x00\x00\x00\x00\x00\x98\xc6\xd1\xf8\x076\xdc\x94\xe4Y\
I\xaeO\xf2\xf8\xf8O\x02\xc0\xa6\xd3\x82\xf2\xbc$_\
\x99\xe4\x9e$\x0f&\xb9\x9c\xe4\xea\xf8E\x00\x903\x82\
\xf2\x82$\xdf\x94\xe4[\x93\xdc\x91\xe4\xb3%,\x0f\x8f\
_\x08\x00\xa7\x05\xe5\xf3\xca;\x94\xafNr\x7f\x92/\
OrC\x89\xca\x83I\x1e\x1b\xff\x05\x00\xac\xd7YA\
\xf9\x8a\x12\x92\xa3$/Lr1\xc9\x17\x97\xcfT\x1e\
(\x97\xc1\xae\x8c\xffB\x00\xd6g\xdb\xa0\x0c\x9eQ\x82\
r)\xc9\xf3\xcb\xe5\xaf\x07\xcb\xe50\x9f\xaf\x00\xac\xd8\
\xaeA\x19\xdc\x9a\xe4\xb5I^\x9f\xe4\x96\x8d\xcb`\x8f\
\x8c_\x08\xc0:\x9c7()\xc7\x89\x9f\x97\xe4\x8dI\
^].}\x0dayb\xfcb\x00\xfa\xb6OP\x06\
7&\xb9\xb3\x5c\x06{\xc9\xc6e\xb0\x87\x5c\x06\x03X\
\x8f)\x822xf\x92{\xcb;\x96\xdb\xca\x07\xf6\x97\
\xcb\xe7+\x00tn\xca\xa0$\xc9uI\x9eS>[\
yM\xb9,6\xdc\x14\xe9\x981@\xc7\xa6\x0e\xca\xe0\
(\xc9\x8b\xcb1\xe3\xbb\x92<\xba\x11\x16\xc7\x8c\x01:\
4WP\x067'ye\x09\xcbs7\xee\xb6w\x19\
\x0c\xa03s\x07ep{\xf9\xfb\xdcW\x1e:9\xbc\
[yt\xfcB\x00\xdat\xa8\xa0\xa4|\x9e\xf2\x82$\
\x17\x92|I9Z\xec\x981@'\x0e\x19\x94\xc1M\
I\xbe\xa8\x5c\x06{\x91c\xc6\x00}X\x22(\x83g\
%\xf9\xb2$o(\xbf\x7f\xd9\xd3\x8c\x01\xda\xb5dP\
R\x8e\x19?\xb7\xdc\xbb\xf2\xa5\xe5\xc7\x86\x87N\x1a\xf5\
\x02h\xc8\xd2A\x19\xdc\x90\xe4\xa5\xe5n\xfb;\xcb3\
\xc1\x86\x0f\xee]\x06\x03h@-A\x19\xdcR>\xb0\
\xbfh\xd4\x0b\xa0-\xb5\x05%\xe52\xd8\x1dF\xbd\x00\
\xdaRcP\x06GF\xbd\x00\xdaQsP\x06F\xbd\
\x00\x1a\xd0BP\x06F\xbd\x00*\xd6RPr\xca\xa8\
\x97c\xc6\x00\x0bk-(\x83\xf1\xa8\xd7p\xcc\xd8\xdd\
\xf6\x00\x0bi5(\x03\xa3^\x00\x95h=(\x19\x8d\
z\xbd\xb6\xfc\xf1p\x19\xcc1c\x80\x03\xe9!(\x83\
#\xa3^\x00\xcb\xe9)(\x03\xa3^\x00\x0b\xe81(\
\x03\xa3^\x00\x07\xd4sPb\xd4\x0b\xe0pz\x0f\xca\
\xc0\xa8\x17\xc0\xcc\xd6\x12\x94\x81Q/\x80\x99\xac-(\
1\xea\x050\x8f5\x06ep\xd2\xa8\xd7C\x8e\x19\x03\
\xecn\xcdA\x19l\x8ez=\xbb\x04\xc5\xdd\xf6\x00;\
\x12\x94\xcf\x19F\xbd\xee+\xdf\xef\x0d\xe52\x98Q/\
\x80-\x09\xca\xb5\x8e\xca\xa8\xd7\x85$\xaf0\xea\x05\xb0\
=A9\x9eQ/\x80\x1d\x09\xca\xe9\x8cz\x01lI\
P\xcef\xd4\x0b`\x0b\x82\xb2=\xa3^\x00\xa7\x10\x94\
\xdd\x19\xf5\x028\x86\xa0\x9c\x8fQ/\x80\x11A\xd9\xcf\
\xd1\xc6\xa8\xd7\xdd%&\x8e\x19\x03\xab$(\xd3\xb89\
\xc9=%,\x9fo\xd4\x0bX#A\x99\xd6\xedI^\
\x97\xe4~\xa3^\xc0\xda\x08\xca\xf4\xae/7C\x1a\xf5\
\x02VEP\xe6c\xd4\x0bX\x15A\x99\x9fQ/`\
\x15\x04\xe50\x8cz\x01\xdd\x13\x94\xc32\xea\x05tK\
P\x96a\xd4\x0b\xe8\x8e\xa0,\xe7\xa4Q/\xc7\x8c\x81\
&\x09\xca\xf2\x8e\x8e\x19\xf5\x1a\x8e\x19\xbb\x0c\x064C\
P\xea1\x8cz]L\xf2\x82\xd1\xdd\xf6\x8e\x19\x03\xd5\
\x13\x94\xfal\x8ez\xddl\xd4\x0bh\x85\xa0\xd4\xe9\xba\
\xf2L0\xa3^@3\x04\xa5nF\xbd\x80f\x08J\
\x1b\x8cz\x01\xd5\x13\x94v\x18\xf5\x02\xaa&(\xed9\
2\xea\x05\xd4HP\xdae\xd4\x0b\xa8\x8a\xa0\xb4\xcf\xa8\
\x17P\x05A\xe9\xc3\xe6\xa8\xd7\xab6F\xbd.\x1b\xf5\
\x02\x0eEP\xfa2\x8cz]*\x8fs1\xea\x05\x1c\
\x8c\xa0\xf4\xc9\xa8\x17pp\x82\xd2/\xa3^\xc0A\x09\
J\xff\x8cz\x01\x07!(\xeba\xd4\x0b\x98\x95\xa0\xac\
\x8bQ/`6\x82\xb2NGF\xbd\x80\xa9\x09\xca\xba\
\x19\xf5\x02&#(\xe4\x98Q\xaf\xe1i\xc6F\xbd\x80\
\xad\x09\x0a\x83\xcdQ\xaf{\xcb\xa5/\xc7\x8c\x81\xad\x09\
\x0ac7&\xf9\xc2r\xcc\xf8\xa5\xee\xb6\x07\xb6%(\
\x9cd\x18\xf5\xba`\xd4\x0b\xd8\x86\xa0p\x1a\xa3^\xc0\
\xd6\x04\x85m\x1c\x19\xf5\x02\xce\x22(\xec\xc2\xa8\x17p\
\x22A\xe1<\x8cz\x01O#(\x9c\x97Q/\xe0\x1a\
\x82\xc2\xbe\x8cz\x01\x89\xa00\xa1\xcdQ\xaf[\x8dz\
\xc1\xfa\x08\x0aS\x1aF\xbd\xdeP\xe2\x92\x8d\xcb`\xee\
\xb6\x87\xce\x09\x0as\x18F\xbd.\x1a\xf5\x82\xf5\x10\x14\
\xe6d\xd4\x0bVDP\x98\x9bQ/X\x09A\xe1P\
\x8e\x8czA\xdf\x04\x85C3\xea\x05\x9d\x12\x14\x96b\
\xd4\x0b:#(,\xc9\xa8\x17tDP\xa8\x81Q/\
\xe8\x80\xa0P\x93\xcdQ\xaf\xdbKP<\xcd\x18\x1a!\
(\xd4f<\xeau\xfd\xc6e0\xa3^P1A\xa1\
VGe\xd4\xebR\x92\xbb\x8czA\xfd\x04\x85\xda=\
\xc3\xa8\x17\xb4APh\x85Q/\xa8\x9c\xa0\xd0\x12\xa3\
^P1A\xa1EF\xbd\xa0B\x82B\xcb\x8czA\
E\x04\x85\xd6\x19\xf5\x82J\x08\x0a\xbd\xd8\x1c\xf5zy\
\xf9\xb0\xfe\x01\xa3^p8\x82Bo\x86Q\xaf\x0b\xe5\
\x06\xc9\xe1\xa1\x93\x8e\x19\xc3\xcc\x04\x85\x1e\x0d\xa3^\xf7\
\x97\x7f\x7f\x8dz\xc1\x01\x08\x0a=\xbb>\xc9\x17\x94\xcb\
`\xf7\x18\xf5\x82y\x09\x0akpS\x92\xbb\x8dz\xc1\
\xbc\x04\x8551\xea\x053\x12\x14\xd6\xc6\xa8\x17\xccD\
PX+\xa3^01Aa\xed\x8cz\xc1D\x04\x05\
\x8cz\xc1$\x04\x05\x9ert\xcc\xa8\xd7\xf0\x18\x17\xc7\
\x8c\xe1\x0c\x82\x02O7\x8cz]\x1a\x8dz=4~\
!\xf0\x14A\x81\x93\xddV\xfe\xfd\xbf\xafDf\xb8)\
\xd2\xdd\xf6p\x0cA\x81\xd3\x0d\xa3^o,\xcf\x083\
\xea\x05'\x10\x14\xd8\x8eQ/8\x83\xa0\xc0n\x8cz\
\xc1\x09\x04\x05vg\xd4\x0b\x8e!(p~F\xbd`\
\x83\xa0\xc0\xfe\x8cz\x81\xa0\xc0d\x8cz\xb1z\x82\x02\
\xd32\xea\xc5j\x09\x0a\xcc\xe3\xb8Q\xaf\xcb\x8e\x19\xd3\
3A\x81ym\x8ez\xdd\xb2q\x1a\xcc\xa8\x17\xdd\x11\
\x14\x98\x9fQ/VAP\xe0p\x8cz\xd15A\x81\
\xc33\xeaE\x97\x04\x05\x96a\xd4\x8b\xee\x08\x0a,\xeb\
\xc8\xa8\x17\xbd\x10\x14\xa8\x83Q/\x9a'(P\x17\xa3\
^4KP\xa0>\xc3\xa8\xd7\x85\xf2\x8c\xb0\xcdc\xc6\
F\xbd\xa8\x96\xa0@\xbdn\xdc\x18\xf5zQ9f<\
<\xcd\xd81c\xaa#(P\xbf\xcdQ\xafg\x19\xf5\
\xa2V\x82\x02m\xb8\xae\xfc7i\xd4\x8bj\x09\x0a\xb4\
\xc5\xa8\x17\xd5\x12\x14h\x93Q/\xaa#(\xd0.\xa3\
^TEP\xa0}F\xbd\xa8\x82\xa0@?\x8cz\xb1\
(A\x81\xfe\x18\xf5b\x11\x82\x02}\x1a\x8fz]5\
\xea\xc5\xdc\x04\x05\xfa6\x8cz]L\xf2\xb2\xf2.\xc5\
\xdd\xf6\xccBP`\x1d\x9e\x99\xe4\xd5\xe5\x1d\x8bQ/\
f!(\xb0\x1eF\xbd\x98\x95\xa0\xc0\xfa\x1c\x19\xf5b\
\x0e\x82\x02\xebe\xd4\x8bI\x09\x0a`\xd4\x8bI\x08\x0a\
\x10\xa3^LAP\x80MF\xbd87A\x01\x8e3\
\x1e\xf5\x1a\x8e\x19\x1b\xf5\xe2D\x82\x02\x9cd<\xeau\
\x9d\xbb\xed9\x8d\xa0\x00g\x19F\xbd.\x95Q\xaf\xcd\
\xbb\xed\x1d3\xe6I\x82\x02l\xeb\xe6\xf2\x81\xfdE\xa3\
^\x1cGP\x80]\x19\xf5\xe2X\x82\x02\x9c\x87Q/\
\x9eFP\x80}\x18\xf5\xe2I\x82\x02L\xc1\xa8\x17\x82\
\x02L\xc6\xa8\xd7\xca\x09\x0a05\xa3^+%(\xc0\
\x5c6G\xbd\xee(\xefT\x8czuLP\x809\x0d\
\xa3^\xf7'y]\xf95g8\x0df\xd4\xab3\x82\
\x02\x1c\xc2Qy\xd8\xe4\xc5r*\xcc\xa8W\x87\x04\x05\
8\xa4a\xd4\xeb\xa2Q\xaf\xfe\x08\x0a\xb0\x04\xa3^\x1d\
\x12\x14`)F\xbd:#(\xc0\xd2\x8czuBP\
\x80Z\x18\xf5j\x9c\xa0\x0051\xea\xd50A\x01j\
4\x1e\xf5z\xd41\xe3\xfa\x09\x0aP\xb3a\xd4\xebB\
\x92go\x5c\x06s\xb7}\x85\x04\x05h\xc1\xe6\xa8\xd7\
\x8d\x1b\xefV\x1c3\xae\x88\xa0\x00\xad\xd8\x1c\xf5z\x85\
Q\xaf\xfa\x08\x0a\xd0\x1a\xa3^\x95\x12\x14\xa0UF\xbd\
*#(@\xcb\x8czUDP\x80\x1e\x18\xf5\xaa\x80\
\xa0\x00=1\xea\xb5 A\x01zc\xd4k!\x82\x02\
\xf4\xea\xc8\xa8\xd7a\x09\x0a\xd0;\xa3^\x07\x22(\xc0\
Z\x0c\xa3^\xf7\x97{Y\x8czMLP\x8051\
\xea5#A\x01\xd6\xc8\xa8\xd7\x0c\x04\x05X3\xa3^\
\x13\x12\x14`\xed\x8czMDP\x00>\xc7\xa8\xd7\x9e\
\x04\x05\xe0ZF\xbd\xceIP\x00\x8eg\xd4kG\x82\
\x02p\xb2\xcdQ\xaf{\xcag*\x8e\x19\x9f@P\x00\
\xce6\x8cz]\xda\x18\xf5\x1a\xee\xb6w\xcc\xb8\x10\x14\
\x80\xed\x19\xf5:\x85\xa0\x00\xecf\x18\xf5\xba`\xd4\xeb\
Z\x82\x02p>7\x18\xf5\xba\x96\xa0\x00\xec\xc7\xa8W\
!(\x00\xfb3\xea%(\x00\x93:Z\xf3\xa8\x97\xa0\
\x00Lo\x95\xa3^\x82\x020\x9fU\x8dz\x09\x0a\xc0\
\xbc6G\xbd^U\xee\xb0\xef\xf2n{A\x018\x8c\
\x1b\xcbS\x8c/%yq\xd9\x5c\x19>_\xe9\xe2\x98\
\xb1\xa0\x00\x1c\xd6\xe6\xa8\xd7\xad\x1b\xc7\x8c\x9b\x1f\xf5\x12\
\x14\x80\xc3\xebr\xd4KP\x00\x96\xd3\xd5\xa8\x97\xa0\x00\
,\xaf\x8bQ/A\x01\xa8G\xd3\xa3^\x82\x02P\x97\
fG\xbd\x04\x05\xa0N\xcd\x8dz\x09\x0a@\xdd\x9a\x19\
\xf5\x12\x14\x80\xfa\x1d7\xea5\x84\xa5\x9ac\xc6\x82\x02\
\xd0\x8ea\xd4\xebR9n\xfcHMw\xdb\x0b\x0a@\
{n)\xa3^\x17\x92\xdc^\xcb1cA\x01h\xd3\
u\xe5\x9e\x95\xfb\xcbg,GK\x8fz\x09\x0a@\xdb\
\x8ej\x19\xf5\x12\x14\x80>,>\xea%(\x00}Y\
l\xd4KP\x00\xfa\xb3\xc8\xa8\x97\xa0\x00\xf4\xeb\xa0\xa3\
^\x82\x02\xd0\xbf\xe3F\xbd.O=\xea%(\x00\xeb\
\xb09\xea\xf5\x9a\xf2c\x93\x8ez\x09\x0a\xc0\xba\xdc\x90\
\xe4%s\x8cz\x09\x0a\xc0:m\x8ez=g\x8a\xbb\
\xed\x05\x05`\xdd\xeeHr_\xf9\xb5~\xafQ/A\
\x01`\x92Q/A\x01`\xb0\xd7\xa8\x97\xa0\x000v\
k9f|w\x92\x7fN\xf2\xb1m>\xb0\xbf~\xfc\
\x03\x00\xac\xde\xe5$\x7f\x99\xe4\xf7\x93|b\x9b\x98D\
P\x00\xd8\xf0h\x92\x7fJ\xf2\xc1$oK\xf2\xf6$\
\x7f\xb8\xed\xe7(\x82\x02\xc0\x95$\xff\x99\xe4\xb7\x93\xbc\
+\xc9\x9b\x93\xfcjy\xa7\xb25A\x01X\xb7\x07\x92\
\xfcQ\x92\xf7\x94\x90\xfcd\x92O\x8e_\xb4\x0dA\x01\
X\xa7\x87\x93\xfc]\x92_I\xf2\xd6$\xefL\xf2\x17\
\xdb\x9c\xe6:\x89\xa0\x00\xac\xcb\xe3\xe5\x1d\xc8o%y\
G\x92\xefH\xf2\xe1$\x8f\x8c_\xb8+A\x01X\x87\
\xabI>]Nn\xfdH\x927%y_\x92\xff\x1e\
\xbf\xf0\xbc\x04\x05\xa0\x7f\x0f\x95c\xc0\xefK\xf2\xedI\
\xbe/\xc9\xdf\x8f_\xb4/A\x01\xe8\xd7cI>\x9e\
\xe4\xd7\xca\x11\xe0\xb7%\xf9\xe8T\x8f\xab\x1f\x13\x14\x80\
\xfe\x5cI\xf2_I~'\xc9\x0f\x94\xd3[\x1fH\xf2\
\x99\xf1\x0b\xa7$(\x00}y0\xc9\x9f%yo\x09\
\xc9\x8f&\xf9\x97\xf1\x8b\xe6 (\x00}x$\xc9?\
$y\x7f9\x06\xfc]I\xfet\xdb\xc7\xa6LAP\
\x00\xda\xf6D\x92\xff(G\x7f\xbf\xbb|\xe8\xfe\xa1}\
\x86\xb2\xceKP\x00\xdat5\xc9\xff\x95gm\xfdX\
9\x06\xfc\xde\xf2\x08\x95E\x08\x0a@{>\x9b\xe4o\
\x92\xfcb\xb91\xf1{\x92\xfc\xf5\xf8E\x87&(\x00\
\xedx<\xc9\xbf%\xf9\x8d\xf2\x19\xc9[\xcbI\xae\x9d\
\xe7z\xe7 (\x00\xf5\xbb\x9a\xe4\x7f\x92\xfc^\x92\x1f\
*\x97\xb7~\xa9\xdc\xf9^\x0dA\x01\xa8\xdb\xe5$\x7f\
\x9e\xe4g\x93\xbc%\xc9\xbb\xcbfIu\x04\x05\xa0N\
{\x8d]-AP\x00\xea2\xc9\xd8\xd5\x12\x04\x05\xa0\
\x1e\x93\x8d]-AP\x00\x967\xf9\xd8\xd5\x12\x04\x05\
`9\xb3\x8d]-AP\x00\x0eo\xf6\xb1\xab%\x08\
\x0a\xc0a\x1dd\xecj\x09\x82\x02p\x18\x07\x1d\xbbZ\
\x82\xa0\x00\xcck\x91\xb1\xab%\x08\x0a\xc0|\x16\x1b\xbb\
Z\x82\xa0\x00Lo\xf1\xb1\xab%\x08\x0a\xc0t\xaa\x19\
\xbbZ\x82\xa0\x00\xec\xaf\xba\xb1\xab%\x08\x0a\xc0~\xaa\
\x1c\xbbZ\x82\xa0\x00\x9cO\xd5cWK\x10\x14\x80\xdd\
41v\xb5\x04A\x01\xd8^3cWK\x10\x14\x80\
\xb357v\xb5\x04A\x018\xd9\x95$\x9fJ\xf2\x91\
\xd6\xc6\xae\x96 (\x00\xc7\xdb\x1c\xbbzSkcW\
K\x10\x14\x80k\x8d\xc7\xae\xde\xd1\xe2\xd8\xd5\x12\x04\x05\
\xe0s\xba\x1a\xbbZ\x82\xa0\x00k\xd7\xe5\xd8\xd5\x12\x04\
\x05X\xb3n\xc7\xae\x96 (\xc0\x1au?v\xb5\x04\
A\x01\xd6d5cWK\x10\x14`-V5v\xb5\
\x04A\x01z7\x8c]} \xc9w\xaee\xecj\x09\
\x82\x02\xf4j<v\xf5\x96$\xbf\xb9\x96\xb1\xab%\x08\
\x0a\xd0\x1bcW\x0b\x11\x14\xa0'\xc6\xae\x16$(@\
\x0f\x8c]U@P\x80\x96\x19\xbb\xaa\x88\xa0\x00\xad2\
vU\x19A\x01Zc\xec\xaaR\x82\x02\xb4\xc2\xd8U\
\xe5\x04\x05h\x81\xb1\xab\x06\x08\x0aP3cW\x0d\x11\
\x14\xa0F\xc6\xae\x1a$(@M\x8c]5LP\x80\
Z\x18\xbbj\x9c\xa0\x00K3v\xd5\x09A\x01\x96b\
\xec\xaa3\x82\x02,\xc1\xd8U\x87\x04\x058$cW\
\x1d\x13\x14\xe0\x10\x8c]\xad\x80\xa0\x00s2v\xb5\x22\
\x82\x02\xcc\xc5\xd8\xd5\xca\x08\x0a05cW+%(\
\xc0T\x8c]\xad\x9c\xa0\x00S0v\x85\xa0\x00{1\
v\xc5\x93\x04\x058\x8f\xcd\xb1\xab\xef5vE\x04\x05\
8\x87\xf1\xd8\xd5O\x18\xbb\x22\x82\x02\xec\xc0\xd8\x15\xa7\
\x12\x14\xe0,\xc6\xae\xd8\x8a\xa0\x00'1v\xc5N\x04\
\x058\x8e\xb1+v&(\xc0&cW\x9c\x9b\xa0\x00\
1v\xc5\x14\x04\x05\x18\xc6\xae~\xc6\xd8\x15\xfb\x10\x14\
X/cWLJP`}N\x1a\xbbzh\xfcB\
\xd8\x85\xa0\xc0z\x18\xbbbV\x82\x02\xeb`\xec\x8a\xd9\
\x09\x0a\xf4\xcd\xd8\x15\x07#(\xd0'cW\x1c\x9c\xa0\
@\x7f\x8c]\xb1\x08A\x81~\x18\xbbbQ\x82\x02\xed\
3vE\x15\x04\x05\xdaf\xec\x8aj\x08\x0a\xb4\xc9\xd8\
\x15\xd5\x11\x14h\x8b\xb1+\xaa%(\xd0\x06cWT\
OP\xa0~\xc6\xaeh\x82\xa0@\xbd\x8c]\xd1\x14A\
\x81\xfa\x18\xbb\xa2I\x82\x02u1vE\xb3\x04\x05\xea\
`\xec\x8a\xe6\x09\x0a,\xcb\xd8\x15\xdd\x10\x14X\x86\xb1\
+\xba#(px\xc6\xae\xe8\x92\xa0\xc0\xe1\x18\xbb\xa2\
k\x82\x02\xf33v\xc5*\x08\x0a\xcc\xcb\xd8\x15\xab!\
(0\x0fcW\xac\x8e\xa0\xc0\xb4\x8c]\xb1Z\x82\x02\
\xd31v\xc5\xaa\x09\x0a\xec\xcf\xd8\x15\x08\x0a\xec\xc5\xd8\
\x15l\x10\x14\xd8\x9d\xb1+8\x86\xa0\xc0n\x8c]\xc1\
\x09\x04\x05\xb6c\xec\x0a\xce (p:cW\xb0%\
A\x81\x93m\x8e]\xbd\xc5\xd8\x15\x9cNP\xe0\xe9\x8e\
\x1b\xbb\xfa\x13cWp:A\x81\xa7\x18\xbb\x82=\x08\
\x0a\x18\xbb\x82I\x08\x0akg\xec\x0a&\x22(\xac\x95\
\xb1+\x98\x98\xa0\xb06\xc6\xae`&\x82\xc2\x9a\x0cc\
W?g\xec\x0a\xa6'(\xac\x81\xb1+8\x00A\xa1\
g'\x8d]=8~!\xb0?A\xa1W\xc6\xae\xe0\
\xc0\x04\x85\xde\x18\xbb\x82\x85\x08\x0a\xbd0v\x05\x0b\x13\
\x14Zg\xec\x0a*!(\xb4\xcc\xd8\x15TDPh\
\xd1c\xe51\xf2\xc6\xae\xa0\x22\x82BK\x86\xb1\xab\xdf\
M\xf2\xfd\xc6\xae\xa0.\x82B+6\xc7\xae\xdel\xec\
\x0a\xea#(\xd4\xce\xd8\x154BP\xa8\x95\xb1+h\
\x8c\xa0P\x1bcW\xd0(A\xa1&\xc6\xae\xa0a\x82\
B\x0d\x8c]A\x07\x04\x85%\x19\xbb\x82\x8e\x08\x0aK\
1v\x05\x9d\x11\x14\x0e\xcd\xd8\x15tJP8\x14c\
W\xd09A\xe1\x10\x8c]\xc1\x0a\x08\x0as2v\x05\
+\x22(\xcc\xc1\xd8\x15\xac\x90\xa00%cW\xb0b\
\x82\xc2T\x8c]\xc1\xca\x09\x0a\xfb2v\x05$\x82\xc2\
\x1e\x8c]\x01\xd7\x10\x14\xce\xc3\xd8\x15\xf04\x82\xc2.\
\x8c]\x01'\x12\x14\xb6a\xec\x0a8\x93\xa0p\x1ac\
W\xc0\xd6\x04\x85\x93\x18\xbb\x02v\x22(\x8c\x19\xbb\x02\
\xceEP\x18\x18\xbb\x02\xf6\x22(\xc4\xd8\x150\x05A\
Y7cW\xc0d\x04e\x9d\x8c]\x01\x93\x13\x94\xf5\
1v\x05\xccBP\xd6\xc3\xd8\x150+A\xe9\x9f\xb1\
+\xe0 \x04\xa5_\xc6\xae\x80\x83\x12\x94>\x19\xbb\x02\
\x0eNP\xfab\xec\x0aX\x8c\xa0\xf4\xc1\xd8\x15\xb08\
Ai\x9f\xb1+\xa0\x0a\x82\xd2.cW@U\x04\xa5\
=\xc6\xae\x80*\x09J;\x8c]\x01U\x13\x946\x18\
\xbb\x02\xaa'(u3v\x054CP\xead\xec\x0a\
h\x8e\xa0\xd4\xc7\xd8\x15\xd0$A\xa9\x87\xb1+\xa0i\
\x82\xb2<cW@\x17\x04eY\xc6\xae\x80n\x08\xca\
2\x8c]\x01\xdd\x11\x94\xc32v\x05tKP\x0e\xc3\
\xd8\x15\xd0=A\x99\x9f\xb1+`\x15\x04e>\xc6\xae\
\x80U\x11\x94\xe9\x19\xbb\x02VIP\xa6e\xec\x0aX\
-A\x99\x86\xb1+`\xf5\x04e?\xc6\xae\x00\x0aA\
9\x1fcW\x00#\x82\xb2;cW\x00\xc7\x10\x94\xed\
\x19\xbb\x028\x85\xa0\x9c\xcd\xd8\x15\xc0\x16\x04\xe5t\xc6\
\xae\x00&pW\x92\x9f*\xff\x87\xbe\xb6\xdf\x1eI\xf2\
\x8fI~!\xc9\xd7%\xb9u\xfc\x93\x03\xc0\xb5\xbcC\
\xb9\x96\xb1+\x80s\x12\x94\xa7\x18\xbb\x02\x98\xc9Z.\
y}6\xc9\xdf&\xf9\xe9$_\x93\xe4\x19\xe3\x9f\x08\
\x00\xf6\xd3{P\x1eK\xf2\x89$\x1fL\xf2\x8dI\x9e\
;\xfe\x09\x00`{k\xbc\xe4u\xd5\xd8\x15\xc0a\xf5\
\xf8\x0e\xe5r\xd9n\xff\xe1$\x17\x93\xdc0\xfe\xa6\x01\
\x98^OAy4\xc9\xc7\x93\xfcr\x92\xafOr\xfb\
\xf8\x9b\x05`?\xbd_\xf2:n\xec\xea\xfd\xc6\xae\x00\
\xa6\xd7sP\x8c]\x01T\xa2\xd5K^\x0f'\xf9X\
y\x5c\xca\xd7&y\xe6\xf8\x1b\x03\xe0\xb0Z\x0b\xca\xe3\
I\xfe=\xc9\xaf'\xf9\xe6$\xcf\x1f\x7fC\x00\xcc\xa7\
\x87K^W\x8d]\x01\xd4\xad\x85w(\x0f%\xf9\xab\
$?\x9e\xe4\xab\x92\xdc4\xfe&\x00X^\xcdAy\
,\xc9\xbf\x96\x13[\xdf\x90\xe4\xd9\xe3/\x1e\x80z\xd4\
\x18\x94+\xe5\x8e\xf6\x8f\x94\x93[w\x8e\xbfh\x00\xea\
S[P\x86c\xc0?\x98\xe4\xf5I\x8e\xc6_0\x00\
u\xaa%(\xc6\xae\x00\x1a\xb7tP\x9e('\xb5>\
\x94\xe4[\x92\xbcp\xfc\x05\x02\xd0\x86%\x83\xf2\x99$\
\x7f\x90\xe4\x9dI\xeeMr\xdd\xf8\x8b\x03\xa0\x1dK\x04\
\xc5\xd8\x15@\x87\x0e\x19\x14cW\x00\x1d;DP\xae\
$\xf9\xdf\xf24\xe0\xb7&\xb9{\xfcE\x00\xd0\xbe\xb9\
\x83b\xec\x0a`%\xe6\x0a\x8a\xb1+\x80\x95\x99:(\
O$\xf9T\x92\x0f'\xf9\xb6$/\x1d\xff\x03\x01\xe8\
\xd3\x94Ay \xc9\x1f'yW\x92\xd7u\xf2\x94c\
\x00\xb64EP\x8c]\x01\xb0WP\x8c]\x01\xf0\xa4\
\xf3\x04\xe5J\x92O'\xf9h\x92\xb7'y\xe5\xf8o\
\x0a\xc0\xfa\xec\x1a\x14cW\x00\x1ck\xdb\xa0\x18\xbb\x02\
\xe0Tg\x05\xc5\xd8\x15\x00[9-(\xc6\xae\x00\xd8\
\xdaqA1v\x05\xc0\xce6\x83b\xec\x0a\x80s\xbb\
+\xc9{\x8c]\x01\xb0\x8d\xd3>\xfb\xb8-\xc9\xcb\xca\
N\xc9\xbb\x93\xfc|\x92O\x8e_\x04\x00g\xb9-\xc9\
\xcb\x8d]\x01\x00\x00\x00\x00\x00\x00\x00\x00,\xe8\xff\x01\
$%F\xc6Y\x0d\xab\x83\x00\x00\x00\x00IEND\
\xaeB`\x82\
\x00\x00%\x05\
\x89\
PNG\x0d\x0a\x1a\x0a\x00\x00\x00\x0dIHDR\x00\
\x00\x01\xdc\x00\x00\x01\x94\x08\x06\x00\x00\x00\x9f\xa8\x93\xf4\
\x00\x00\x00\x01sRGB\x00\xae\xce\x1c\xe9\x00\x00\x00\
\x04gAMA\x00\x00\xb1\x8f\x0b\xfca\x05\x00\x00\x00\
\x09pHYs\x00\x00\x0b\x13\x00\x00\x0b\x13\x01\x00\x9a\
\x9c\x18\x00\x00$\x9aIDATx^\xed\xddK\xac\
\x9d\xf5\xb9\xdf\xf1\xefZ\xfb\xe6\xedKl|\x1cc0\
7\xfb\x04\x82\x13#\xae\x11X!\xc4I,\x02\x89C\
\x09\x10\xdc\x13A\x02\x81\xc0!P\x12\x02T\xea\xb8R\
\xd5I\x07\xed\xa0\x9dtPU\xaa\x8e\xce\xe0\x0c\xdaQ\
'\x1dU\x07\x83\x01\xbb\xb1,@6\x91\xeb\x08\x1b\xd7\
5\xd8\xf8l\xdf0\xf8t\xc0\xf3o\xec\x87m{_\
\xd6\xe5\xbd|?\xd2+K<\x7flc\xbc\xd7o\xbf\
k=\xef\xf3\x80$I\x92$I\x92$I\x92$I\
\x92$I\x92$I\x92$I\x92$I\x924\x04#\
\xf9\x1fH\xaa\xa5.0\x0at\x80\x7f\xccEI\xc3g\
\xe0J\xcdp9\xf0=`1p \x17%I\xd2\xfc\
\x8d\x03\xf7\x01\x7f\x0f\xfc\x1b`Q> I\x92\xe6o\
-\xf0\x1f\x813\xc0\x1f\x80\x9f\xe4\x03\x92$i~\x16\
\x03\xbf\x00\x0e\xc6g\xb7S\xc0\x7f\x01\xae\xc8\x07%I\
\xd2\xdct\x80\x9b\x81\xff\x1ea[\xae\xbd\xc0_G]\
\x92$\xcd\xd3\x0a\xe0\x9f\x03\xff\x90\x02\xf7t\x84\xf0\xfa\
\xfc/H\x92\xa4\xd9\x19\x056\x02;R\xd8\x96\xeb\xff\
\x00\xff\x12\x98\xc8\xff\xa2$I\x9a\xb9k\x80\x7f\x1b\x8d\
R9l\xff\x11\xf8\x1c\xd8\x06\xfc \xff\x8b\x92$i\
f&\x81\x9f\x01\x7f\x9a&h\xcf\xbd\x8eE\xf7\xf2_\
\xe4\x9f@\x92$]\xda:\xe0\xef\xa6\x09\xd8\xe9\xae\xdd\
\xc0\xe3\xf9'\x90$I\x17w\x19\xf0\x02pd\x9ap\
\x9d\xee:\x09\xfcW\xe0k\xf9'\x92$I\xd3\xeb\x02\
\x1b\x80\xad\xd3\x04\xeb\xc5\xae\x03\xc0\xbf\x88F+I\x92\
t\x09W\x02\xff\x0a85M\xa8^\xec:\x03\xfc\xcf\
\x08kI\x92t\x11\x13\xc0f`\xcf4\x81:\x93\xeb\
\x08\xf0\xef\x80\xaf\xe4\x9fX\x92$\xfd\xd9\xd7\x80\xff\x0c\
\x9c\x9d&Lgr\x9d\x05v\x01\x0f\xe5\x9fX\x92$\
}a\x09\xf0+\xe0\xd04A:\x9b\xeb8\xf0\xb7\xc0\
\xd5\xf9\x17\x90$\xa9\xed:\xc0m\xc0\xff\x98&@\xe7\
r\xed\x03^\x8c\x06,I\x03\xe4\x02z\xa9\xdaV\x02\
[\x80\xbf\x02\xc6rq\x0e\x16\x02\x0bb\x8d\xdf\xc1\x5c\
\x94$\xa9\x8d\xc6\x80M\xf1\xd9k\xbeS\x9d\xcf\xf5\x7f\
\x81\x7f\x1d\x13\xab$Ij\xbd\xeb\x80\x7f\x0f|6M\
h\xce\xe7\xfa\x1c\xd8\x0e\xfc0\xff\x82\x92$\xb5\xcd\xc2\
x\x1by\xff4\x81\xd9\x8b\xeb\x1f\x80\xff\x14oYK\
\x92\xd4Z\xeb\x81\xff6MP\xf6\xf2\xfa#\xf0T\xfe\
\x85%\xf5\x87MSR\xf5,\x8f\xe7e\x9f\xe8\xf3>\
\xdb\xd2@\xb5\x1d8\x9c\x8b\x92z\xcb\xc0\x95\xaae\x04\
\xb8\x1dx\x05X\x93\x8b=6\x1a\x93\xa7N\xc4|\xe6\
\xcf\xf3\x01I\xbdc\xe0J\xd5\xb2\x1a\xf8%\xf0\xc0\x80\
\xbe>'\xe3N\xf7\xbdxFW\x92\xa4\xc6[\x00<\
\x08\xec\x9d\xe6\xf3\xd6~^G\x81\xff\x00,\xcb\xbf!\
I\x92\x9a\xe8\xeb\xc0\xdf\xccc^\xf2\x5c\xaf\xb3\xc0\xbb\
\xc0?\xcd\xbf!I\x92\x9af)\xf0,\xf0\xd14\x81\
8\x88\xeb\x04\xf0w\xf1\xec\xaf\xa4>\x18\xc4gD\x92\
.\xae\x0b\xdc\x14\x8dR7\xe6\xe2\x80\x8cE\x03\xd5'\
\xc0\xb6\x08aI=d\xe0J\xc3w9\xf0s\xe0\xd1\
\xe8\x1c\x1e\x96\x85\xd1D\xb5\x0b8\x90\x8b\x92\xe6\xc7\xc0\
\x95\x86k\x1c\xd8\x00\xbc\x0c\xac\xca\xc5\x01\xeb\xc6]\xee\
g\xc0\xdf\x03g\xf2\x01Isg\xe0J\xc3um|\
v\xbb)V\xf1\x0d\xdb\x02`qtJ\xef\xceEI\
sg\xe0J\xc3\xb38\x16\x08<\x1fK\xe6\xab\xa0\x13\
\xbf\xaf\xb1\x18\x861\x95\x0fH\x9a\x1b\x03W\x1a\x8e\x0e\
\xb0\x0e\xf8=ps.\x0e\xd9x|\x03p\x18x;\
\x17%\xcd\x8d\x81+\x0d\xc7\x0a\xe0g\xc0c\x11pU\
S\xe6,\xff/\xe0P.J\x9a=\x03W\x1a\xbcQ\
\xe0\x8ex\x0c\xe8\x9a\x5c\xac\x88\x91h\xa0:\x0d\xbc\xe6\
\x9cei\xfe\x0c\x5ci\xf0\xae\x02\x9e\x046Ggp\
U\x959\xcb{\xa2\x89J\xd2<\x18\xb8\xd2`M\x02\
\xdf\x07~\x07\x5c\x96\x8b\x15\xd3\x89\xbb\xdcn<&t\
2\x1f\x904s\x06\xae4X\xd7\x03/\x02w\xe5B\
EMD\x03\xd5\x87\xc0\xce\x5c\x944s\x06\xae48\
\xcbb\x1b\xd0S\xd1\x90T\x17\x8b\x22x\xdf\x02>\xce\
EI3c\xe0J\x83\xd1\x05n\x89F\xa9\xebs\xb1\
\xe2\xca\xa2\xfa)\xe0\xf5\xd8.$i\x96\x0c\x5ci0\
\xae\x00\x1e\x07\x1e\x1a\xf2\xbc\xe4\xb9\x9a\x8c\xeb\x1d\xe0\x83\
\x5c\x94ti\x06\xae\xd4\x7f\x13\xc0\xdd1\xe4be.\
\xd6D\x99\xb3|6\x1a\xa8N\xe7\x03\x92.\xce\xc0\x95\
\xfao\x0d\xf0\x1b`cE\xe6%\xcf\xd5D\x8c}\xdc\
\x17\x0b\xeb%\xcd\x82\x81+\xf5\xd7\x12\xe0G\xc0_G\
\xf3Q\x9d\x959\xcb\xe3\xc0\x1b\xc0\xb1|@\xd2\x85\x19\
\xb8R\xfft\x80o\xc6\xea\xbd\xf5\xb9XSc\xf1M\
\xc4\x11\xe0M\x17\xd5K3g\xe0J\xfd\xb3\x12\xd8\x02\
\xfcU\x04US\x949\xcb\x7f\x00\x0e\xe6\xa2\xa4\xe9\x19\
\xb8R\x7f\x8c\x01w\x02\xaf\x02\xabs\xb1\xe6\xca\x9c\xe5\
3\xd1@\xf5Y> \xe9\xcb\x0c\x5c\xa9?\xae\x01\x9e\
\x8e}\xb7U\x9e\x97<WeQ\xfd\xfb\xc0\x1fsQ\
\xd2\x97\x19\xb8R\xef-\x046\xc5\x08\xc7\xa5\xb9\xd8\x10\
\x9d\xf8,w$\xb6\x09\x1d\xcf\x07$\x9d\xcf\xc0\x95z\
\xef\xeb\xb1\x9c\xe0\x8e\x5ch\x98\xf1xk\xf9\x10\xb0#\
\x17%\x9d\xcf\xc0\x95zkyL\x93z\x22\x9e[m\
\xba\xd2@\xb5\x1d8\x9c\x8b\x92\xfe\xcc\xc0\x95zg\x04\
\xb8-\x1a\xa5\xd6\xe4bC\x959\xcb'\x80\xad.\xaa\
\x97.\xcc\xc0\x95z\xe7\xca\xb8\xb3}\xa0e_[e\
Q\xfd{1\x85J\xd24\xda\xf4\xa2 \xf5\xd3\x02\xe0\
\xbb\xc0K\xc0\x8a\x5cl\xb8n4P\x11\x8f\x09\x9dJ\
uI\x06\xae\xd43k\x81\x17bIA\x9d\xe7%\xcf\
UYT\xbf\x1f\xd8\x95\x8b\x92\x0c\x5c\xa9\x17\x96\x02?\
\x01~\x1do\xad\xb6Q'fE\x8f\x03\xdb\x80\xa3\xf9\
\x80\xd4v\x06\xae4?]\xe0\xa6X,\x7fc.\xb6\
\xccX4P}\x12\xa1\xeb\x9ce\xe9\x1c\x06\xae4?\
\x97\x03?\x07\x1e\xad\xe9b\xf9^[\x18MT\xbb\x80\
\x03\xb9(\xb5\x99\x81+\xcd\xdd8\xb0!\xb6\x01\xad\xca\
\xc5\x96*\x8b\xea?\x8b\x06\xaa3\xf9\x80\xd4V\x06\xae\
4w\xd7\x02\xcf\xc6\x18\xc766J]H\x99\xb3\xbc\
\x17\xd8\x9d\x8bR[\x19\xb8\xd2\xdc,\x8e\xc5\x04\xcf\x9f\
\xf3H\x8c\xbeP\x16\xd5\x8f\xc50\x8c\xa9|@j#\
\x03W\x9a\xbd\x0e\xb0\x0e\xf8=ps.\x0a\xe2\xed\xf6\
%1\xee\xf1\xed\x5c\x94\xda\xc8\xc0\x95fo\x05\xf03\
\xe0\xb1\x08\x16M\xaf4P\xed\x88\x05\x07R\xab\x19\xb8\
\xd2\xec\x8c\xc6\x16\xa0Wb\xe7\xad.l$\x1a\xa8N\
G\x03\x95s\x96\xd5j\x06\xae4;W\x01O\x02\x9b\
\x1b\xbaX\xbe\xd7\xca\x9c\xe5=\xd1D%\xb5\x96\x81+\
\xcd\xdc$\xf0\xfd\xd8u{Y.jZ\x9d\xb8\xcb\xed\
\xc6]\xee\xc9|@j\x0b\x03W\x9a\xb9\xeb\x81\x17\x81\
\xbbrA\x17U\xe6,\x7f\x08\xec\xccE\xa9-\x0c\x5c\
if\x96\x01\x0f\x02O\xc5s\xa6\x9a\x9dE\x11\xbco\
\x01\x1f\xe7\xa2\xd4\x06\x06\xaeti]\xe0\x96h\x94\xba\
>\x175#eQ\xfd\x14\xf0:p6\x1f\x90\x9a\xce\
\xc0\x95.mU<\x02\xf4\xb0\xf3\x92\xe7e2\xaew\
\x80\x0frQj:\x03W\xba\xb8\x89\xd8q\xfb2\xb0\
2\x175+e\xce\xf2\xd9h\xa0:\x9d\x0fHMf\
\xe0J\x17\xb7\x06x\x0e\xd8\xe8\xbc\xe4\x9e\x98\x88\xb1\x8f\
\xfb\x80wsQj2\x03W\xba\xb0%\xc0\x8f\x22p\
\x17\xe5\xa2\xe6\xa4\xccY\x1e\x07\xde\x00\x8e\xe5\x03RS\
\x19\xb8\xd2\xf4:\xc07c^\xf2\xfa\x5c\xd4\xbc\x8c\xc5\
73G\x807]T\xaf\xb60p\xa5\xe9\xad\x04\xb6\
\xc4r\xf9\xb1\x5c\xd4\xbc-\x8c\xc7\xab\xfe\x00\x1c\xccE\
\xa9\x89\x0c\x5c\xe9\xcb\xc6\x80;\x81W\x81\xd5\xb9\xa8\x9e\
(s\x96\xcfD\x03\xd5g\xf9\x80\xd44\x06\xae\xf4e\
\xd7\x00O\xc7\xbe[\xe7%\xf7OYT\xffG\xe0\xfd\
\x5c\x94\x9a\xc6\xc0\x95\xce\xb7\x10\xd8\x14#\x1c\x97\xe6\xa2\
z\xaa\x13\x9f\xe5\x8e\x02\xaf\x01\xc7\xf3\x01\xa9I\x0c\x5c\
\xe9|_\x8f\xe5\x04w\xe4\x82\xfa\xa2,\xaa?\x14{\
s\xa5\xc62p\xa5?[\x0e<\x04<\x11\xcf\x8bj\
0J\x03\xd5v\xe0p.JMa\xe0J_\x18\x01\
n\x8bF\xa95\xb9\xa8\xbe*s\x96O\x00[]T\
\xaf\xa62p\xa5/\x5c\x19w\xb6\x0f\xf8u1\x14e\
Q\xfd{1\x85Jj\x1c_X\xa4/\xde\xce\xfc.\
\xf0\x12\xb0\x22\x175\x10\xdd\xf8,\x97xL\xe8T\xaa\
K\xb5g\xe0J\xb0\x16x!\x96\x148/yx\xca\
\xa2\xfa\xfd\xc0\xae\x5c\x94\xea\xce\xc0U\xdb-\x05~\x02\
\xfc:\xde\xd2\xd4\xf0tbf\xf58\xb0\x0d8\x9a\x0f\
Huf\xe0\xaa\xcd\xba\xc0M\xb1zo].j(\
\xc6\xa2\x81\xea\x93\x08]\xe7,\xab1\x0c\x5c\xb5\xd9\xe5\
1+\xf9Q\xe7%W\xca\xc2h\xa2\xda\x05\x1c\xc8E\
\xa9\xae\x0c\x5c\xb5\xd5\x18\xb0\x01x\x05\xb8\x22\x175T\
eQ\xfdg\xd1@u&\x1f\x90\xea\xc8\xc0U[]\
\x07<\x1bc\x1cm\x94\xaa\x9e2gy/\xb0;\x17\
\xa5:2p\xd5F\x8b\x81{\x81\xe7\xcfy\x14E\xd5\
R\x16\xd5\x8f\xc50\x8c\xa9|@\xaa\x1b\x03Wm\xd3\
\x89\x06\xa9\x97\x80[rQ\x95R\xe6,\x1f\x06\xde\xce\
E\xa9n\x0c\x5c\xb5\xcd\x0a\xe0g\xc0\xe3\xf1\x82\xaej\
+\x0dT;b\xc1\x81T[\x06\xae\xdad4\xb6\x00\
\xbd\x12;oU}#\xd1@u:\x1a\xa8\x9c\xb3\xac\
\xda2p\xd5&W\x01O\x02\x9b],_+e\xce\
\xf2\x9eh\xa2\x92j\xc9\xc0U[L\x02\xdf\x8f]\xb7\
\x97\xe5\xa2*\xad\x13w\xb9\xdd\xb8\xcb=\x99\x0fHu\
`\xe0\xaa-\xae\x07^\x04\xee\xca\x05\xd5B\x99\xb3\xfc\
!\xb03\x17\xa5:0p\xd5\x06\xcb\x80\x07\x81\xa7\xe2\
\xf9N\xd5\xd3\xa2\x08\xde\xb7\x80\x8fsQ\xaa:\x03W\
M\xd7\x8d\xc7\x7f^\x89\xbb\x5c\xd5WYT?\x05\xbc\
\x0e\x9c\xcd\x07\xa4*3p\xd5t\xab\x80\xc7\x80\x87\xe3\
\x05[\xf56\x19\xd7;\xc0\x07\xb9(U\x99\x81\xab&\
\x9b\x88\x1d\xb7/\x03+sQ\xb5T\xe6,\x9f\x8d\x06\
\xaa\xd3\xf9\x80TU\x06\xae\x9al\x0d\xf0\x1c\xb0\xd1y\
\xc9\x8d2\x11c\x1f\xf7\x01\xef\xe6\xa2TU\x06\xae\x9a\
j\x09\xf0\xa3\x08\xdcE\xb9\xa8Z+s\x96\xc7\x817\
\x80c\xf9\x80TE\x06\xae\x9a\xa8\x03|\x13\xf8=\xb0\
>\x17\xd5\x08c\xf1M\xd5\x11\xe0M\x17\xd5\xab\x0e\x0c\
\x5c5\xd1J`K,\x97w\xb1|s-\x8c\xc7\xbc\
\xfe\x00\x1c\xccE\xa9j\x0c\x5c5\xcd\x18pg<\x06\
\xb4:\x17\xd5(e\xce\xf2\x99h\xa0\xfa,\x1f\x90\xaa\
\xc4\xc0U\xd3\x5c\x03<\x0d\xdc\xe7\xbc\xe4V(\x8b\xea\
\xff\x08\xbc\x9f\x8bR\x95\x18\xb8j\x92\x85\xc0\xa6\x18\xe1\
\xb84\x17\xd5H\x9d\xf8,w\x14x\x0d8\x9e\x0fH\
Ua\xe0\xaaI\xbe\x1e\xcb\x09\xee\xc8\x055ZYT\
\x7f(\xf6\xe6J\x95d\xe0\xaa)\x96\x03\x0f\x01O\xc4\
s\x9aj\x97\xd2@\xb5\x1d8\x9c\x8bR\x15\x18\xb8j\
\x82\x11\xe06\xe0\xd5\x18v\xa1\xf6)s\x96O\x00[\
]T\xaf*2p\xd5\x04W\xc6\x9d\xed\x03\xfe\x9dn\
\xb5\xb2\xa8\xfe\xbd\x98B%U\x8a/N\xaa\xbb\x05\xc0\
w\x81\x97\x80\x15\xb9\xa8V\xe9\xc6g\xb9\xc4cB\xa7\
R]\x1a*\x03Wu\xb7\x16x!\x96\x148/Y\
eQ\xfd~`W.J\xc3d\xe0\xaa\xce\x96\x02?\
\x01~\x1do%J\x9d\x98\x9d=\x0el\x03\x8e\xe6\x03\
\xd2\xb0\x18\xb8\xaa\xab.pS\xac\xde[\x97\x8bj\xb5\
\xb1h\xa0\xfa$B\xd79\xcb\xaa\x04\x03Wuuy\
\xccJ~\xd4y\xc9\x9a\xc6\xc2h\xa2\xda\x05\x1c\xc8E\
i\x18\x0c\x5c\xd5\xd1\x18\xb0!\xe6%_\x91\x8b\xd29\
\x8b\xea?\x8b\x06\xaa3\xf9\x804h\x06\xae\xea\xe8:\
\xe0\xd9\x18\xe3h\xa3\x94.\xa4\xccY\xde\x0b\xec\xceE\
i\xd0\x0c\x5c\xd5\xcdb\xe0^\xe0\xf9s\x1e\x01\x91\xa6\
S\x16\xd5\x8f\xc50\x8c\xa9|@\x1a$\x03Wu\xd2\
\x01n\x8c\xc5\xf2\xb7\xe4\xa24\x8d2g\xf9#\xe0\xed\
\x5c\x94\x06\xc9\xc0U\x9d\xac\x00\x1e\x01\x1e\x8f\x17Ri\
&\xca\x9c\xe5\x1d\xb1\xe0@\x1a\x0a\x03Wu1\x0a\xdc\
\x1e\xf3\x92\xaf\xc9E\xe9\x22F\xa2\x81\xeat4P9\
gYCa\xe0\xaa.V\x03\xbf\x026\xbbX^s\
P\xe6,\xef\x89&*i\xe0\x0c\x5c\xd5\xc1$\xf0\xbd\
\xd8u{Y.J3\xd0\x89\xbb\xdcn\xdc\xe5\x9e\xcc\
\x07\xa4~3pU\x07\xd7\x03\xbf\x05\xee\xca\x05i\x16\
\xca\x9c\xe5\x0f\x81\x9d\xb9(\xf5\x9b\x81\xab\xaa[\x06<\
\x08<\x15\x8d/\xd2|,\x8a\xe0}\x0b\xf88\x17\xa5\
~2pUe\xddx\xfc\xe7\x95\xb8\xcb\x95\xe6\xab,\
\xaa\x9f\x02^\x07\xce\xe6\x03R\xbf\x18\xb8\xaa\xb2U\xc0\
c\xc0\xc3\xf1B)\xf5\xc2d\x5c\xef\x00\x1f\xe4\xa2\xd4\
/\x06\xae\xaaj\x22v\xdc\xbe\x0c\xac\xccEi\x1e\xca\
\x9c\xe5\xb3\xd1@u:\x1f\x90\xfa\xc1\xc0UU\xad\x01\
\x9e\x036:/Y}0\x11c\x1f\xf7\x01\xef\xe6\xa2\
\xd4\x0f\x06\xae\xaah\x09\xf0\xa3\x08\xdcE\xb9(\xf5@\
\x99\xb3<\x0e\xbc\x01\x1c\xcb\x07\xa4^3pU5\x1d\
\xe0\x9b1/y}.J=4\x16\xdf\xdc\x1d\x01\xde\
tQ\xbd\xfa\xcd\xc0U\xd5\xac\x04\xb6\xc4ry\x17\xcb\
\xab\xdf\xca\x9c\xe5?\x00\x07sQ\xea%\x03WU2\
\x06\xdc\x19\x8f\x01\xad\xceE\xa9\x0f\xca\x9c\xe5\xcf\x80\xd7\
\x5cT\xaf~2pU%\xd7\x00O\x03\xf79/Y\
\x03\xb4 z\x05\xde\x8fK\xea\x0b\x03WU\xb1\x10\xf8\
\x01\xf0\x22\xb04\x17\xa5>\xea\xc4g\xb9\xa3q\x97{\
<\x1f\x90z\xc1\xc0UU\xdc\x10\xcb\x09\xee\xc8\x05i\
\x00\xca\xa2\xfaC\xb17W\xea9\x03WU\xb0\x1cx\
\x08x2\x9e\x8f\x94\x86\xa14Pm\x07\x0e\xe7\xa24\
_\x06\xae\x86m\x04\xb8-\x1a\xa5\xd6\xe6\xa24@e\
\xce\xf2\x09`\xab\x8b\xea\xd5k\x06\xae\x86\xedJ\xe0\x97\
\xc0?\xf1\xef\xa3*\xa0,\xaa\x7f/\xa6PI=\xe3\
\x0b\x9c\x86i\x01\xf0]\xe0%`E.JC\xd0\x8d\
\xcfr\x899\xcb\xa7R]\x9a3\x03W\xc3\xb4\x16x\
!\x96\x148/YUQ\x16\xd5\xef\x07v\xe5\xa24\
W\x06\xae\x86e)\xf0\x13\xe0\xd7\xf1\x16\x9eT\x15\x9d\
x.w\x1c\xd8\x06\x1c\xcd\x07\xa4\xb90p5\x0c]\
\xe0\xa6X\xbd\xb7.\x17\xa5\x0a\x18\x8b\x06\xaaO\x22t\
\x9d\xb3\xacy3p5\x0c\x97\xc7\xac\xe4G\x9d\x97\xac\
\x0a[\x18MT\xbb\x80\x03\xb9(\xcd\x96\x81\xabA\x1b\
\x036\xc4c@W\xe4\xa2T!eQ\xfdg\xd1@\
\xe5\x9ce\xcd\x8b\x81\xabA\xbb\x0ex\x16\xd8d\xa3\x94\
j`A\xec\xcd\xdd\x0b\xec\xceEi6\x0c\x5c\x0d\xd2\
b\xe0^\xe0\xf9s\x1e\xbd\x90\xaa\xac,\xaa\x1f\x8ba\
\x18S\xf9\x804S\x06\xae\x06\xa5\x03\xdc\x18\x8b\xe5o\
\xc9E\xa9\xc2\xca\x9c\xe5\x8f\x80\xb7sQ\x9a)\x03W\
\x83\xb2\x02x\x04x<^\xc0\xa4:)s\x96w\xc4\
\x82\x03i\xd6\x0c\x5c\x0d\xc2(p;\xf0j\xec\xbc\x95\
\xeaf$\x1a\xa8NG\x03\x95s\x965k\x06\xae\x06\
a5\xf0+`\xb3\x8b\xe5Uce\xce\xf2\x9eh\xa2\
\x92f\xc5\xc0U\xbfM\x02\xdf\x03~\x0b\x5c\x96\x8bR\
\x8dt\xe2.\xb7\x1bw\xb9'\xf3\x01\xe9b\x0c\x5c\xf5\
\xdb\xf5\xc0\x8b\xc0]>\x06\xa4\x06(s\x96?\x04v\
\xe6\xa2t1\x06\xae\xfaiY\xac\xdd{*\xeet\xa5\
&X\x14\xc1\xfb\x16\xf0q.J\x17b\xe0\xaa_\xba\
\xc0\xcd\xd1(u}.J5V\x16\xd5O\x01\xaf\x03\
g\xf3\x01i:\x06\xae\xfaeU<\x02\xf4p\xbc@\
IM2\x19\xd7;\xc0\x07\xb9(M\xc7\xc0U?L\
\xc4\x8e\xdb\x97\x81\x95\xb9(5@\x99\xb3|6\x1a\xa8\
N\xe7\x03Rf\xe0\xaa\x1f\xd6\x00\xcf\x01\x1bm\x94R\
\x83M\xc4\xd8\xc7}\xc0\xbb\xb9(e\x06\xaezm\x09\
\xf0\xa3\x08\xdcE\xb9(5H\x99\xb3<\x0e\xbc\x01\x1c\
\xcb\x07\xa4s\x19\xb8\xea\xa5\x0e\xf0\xcd\x98\x97\xbc>\x17\
\xa5\x06\x1a\x8bo2\x8f\x00o\xba\xa8^\x17c\xe0\xaa\
\x97V\x02[b\xb9\xbc\x8b\xe5\xd5\x16e\xce\xf2\x1f\x80\
\x83\xb9(\x15\x06\xaeze\x0c\xb83\x16\xcb\xaf\xceE\
\xa9\xc1\xca\x9c\xe5\xcf\x80\xd7\x5cT\xaf\x0b1p\xd5+\
\xd7\x00O\x03\xf79/Y-\xb4 z\x16\xde\x8fK\
\xfa\x12\x03W\xbd\xb0\x10\xf8A\x8cp\x5c\x9a\x8bR\x0b\
t\xe2\xb3\xdc\xd1\xb8\xcb=\x9e\x0fH\x06\xaez\xe1\x06\
\xe0w\xc0\x1d\xb9 \xb5HYT\x7f(\xf6\xe6J\xe7\
1p5_\xcb\x81\x87\x80'\xe3\xb9D\xa9\xcdJ\x03\
\xd5v\xe0p.\xaa\xdd\x0c\x5c\xcd\xc7\x08p[4J\
\xad\xcdE\xa9\x85\xca\x9c\xe5\x13\xc0V\x17\xd5\xeb\x5c\x06\
\xae\xe6\xe3J\xe0\x97\xb1\x11\xc8\xbfK\xd2\x17\xca\xa2\xfa\
\xf7b\x0a\x95\x04\xbeHj\x1e\x16\x00\xf7\xc4\x90\x8b\x15\
\xb9(\xb5X7>\xcb%\xe6,\x9fJu\xb5\x94\x81\
\xab\xb9Z\x0b\xbc\x10K\x0a\x9c\x97,\x9d\xaf,\xaa\xdf\
\x0f\xec\xcaE\xb5\x93\x81\xab\xb9X\x0al\x06\x9e\x89\xb7\
\xce$\x9d\xaf\x13\xcf\xe5\x8e\x03\xdb\x80\xa3\xf9\x80\xda\xc7\
\xc0\xd5lu\x81\x9b\xa2Qj].J\xfa\xff\xc6\xa2\
\x81\xea\x93\x08]\xe7,\xb7\x9c\x81\xab\xd9\xba<f%\
?\xea\xbcd\xe9\x92\x16F\x13\xd5.\xe0@.\xaa]\
\x0c\x5c\xcd\xc6\x18\xb0!\xeen\xaf\xc8EI_R\x16\
\xd5\x7f\x16\x0dT\xceYn1\x03W\xb3q\x1d\xf0,\
\xb0\xc9F)i\xc6\x16\xc4\xde\xdc\xbd\xc0\xee\x5cT{\
\x18\xb8\x9a\xa9\xc5\xc0\xbd\xc0\xf3\xe7<\xf2 \xe9\xd2\xca\
\xa2\xfa\xb1\x18\x861\x95\x0f\xa8\x1d\x0c\x5c\xcdD\x07\xb8\
1\x9e\xb9\xbd%\x17%]R\x99\xb3\xfc\x11\xf0v.\
\xaa\x1d\x0c\x5c\xcd\xc4\x0a\xe0\x11\xe0\xf1x\xe1\x904{\
e\xce\xf2\x8eXp\xa0\x961pu)\xa3\xc0\xed\xc0\
\xab\xb1\xf3V\xd2\xdc\x8cD\x03\xd5\xe9h\xa0r\xcer\
\xcb\x18\xb8\xba\x94\xd5\xc0\xafb\xd0\x85\x8b\xe5\xa5\xf9)\
s\x96\xf7D\x13\x95Z\xc4\xc0\xd5\xc5L\x02\xdf\x03~\
\x0b\x5c\x96\x8b\x92f\xad\x13w\xb9\xdd\xb8\xcb=\x99\x0f\
\xa8\xb9\x0c\x5c]\xcc\xf5\xc0\x8b\xc0]>\x06$\xf5L\
\x99\xb3\xfc!\xb03\x17\xd5\x5c\x06\xae.dY\xac\xdd\
{*\xeet%\xf5\xce\xa2\x08\xde\xb7\x80\x8fsQ\xcd\
d\xe0j:]\xe0\xe6h\x94\xba>\x17%\xcd[Y\
T?\x05\xbc\x0e\x9c\xcd\x07\xd4<\x06\xae\xa6\xb3*\x1e\
\x01z8^\x18$\xf5\xded\x5c\xef\x00\x1f\xe4\xa2\x9a\
\xc7\xc0U6\x01|;\x86\x5c\xac\xccEI=S\xe6\
,\x9f\x8d\x06\xaa\xd3\xf9\x80\x9a\xc5\xc0U\xb6\x06x\x0e\
\xd8h\xa3\x94\xd4w\x131\xf6q\x1f\xf0n.\xaaY\
\x0c\x5c\x9dk\x09p?\xf0\x9bx\x11\x90\xd4_e\xce\
\xf28\xf0\x06p,\x1fPs\x18\xb8*:\xc07\x81\
\x97\x81\xf5\xb9(\xa9o\xc6\xe2\x9b\xdd#\xc0\x9b.\xaa\
o.\x03W\xc5J`\x0b\xf0W\xceK\x96\x06\xae\xcc\
Y\xde\x09\x1c\xccE5\x83\x81+\xe2;\xec;c\xb1\
\xfcU\xb9(\xa9\xef\xca\x9c\xe53\xc0k.\xaao&\
\x03W\xc4R\x82\xa7\x81\xfb\x9c\x97,\x0d\xcd\x82\x18\x88\
\xf1~\x5cj\x18\x03W\x0b\x81\x1f\xc4\x08\xc7\xa5\xb9(\
i`:\xf1Y\xeeh\xdc\xe5\x1e\xcf\x07To\x06\xae\
n\x00~\x07\xdc\x91\x0b\x92\x06\xae,\xaa?\x14{s\
\xd5 \x06n\xbb-\x07\x1e\x02\x9e\x8c\xe7\x01%\x0d_\
i\xa0\xda\x0e\x1c\xceE\xd5\x97\x81\xdb^#\xc0m\xd1\
(\xb56\x17%\x0dM\x99\xb3|\x02\xd8\xea\xa2\xfa\xe6\
0p\xdb\xebJ\xe0\x97\xb1\x11\xc8\xbf\x07R\xb5\x94E\
\xf5\xef\xc5\x14*5\x80/\xb4\xed\xb4\x00\xb8'\xe6%\
\xaf\xc8EIC\xd7\x8d\xcfr\x899\xcb\xa7R]5\
d\xe0\xb6\xd3Z\xe0\x05\xe0n\xe7%K\x95U\x16\xd5\
\xef\x07v\xe5\xa2\xea\xc7\xc0m\x9f\xa5\xc0f\xe0\x99x\
\xcbJR5u\xe2\xb9\xdcq`\x1bp4\x1fP\xbd\
\x18\xb8\xed\xd2\x05n\x8aF\xa9u\xb9(\xa9r\xc6\xa2\
\x81\xea\x93\x08]\xe7,\xd7\x98\x81\xdb.+cV\xf2\
\xa3\xf1\x85,\xa9\xfa\x16F\x13\xd5.\xe0@.\xaa>\
\x0c\xdc\xf6\x18\x036\xc4\xdd\xed\x15\xb9(\xa9\xb2\xca\xa2\
\xfa\xcf\xa3\x81\xea\xd3|@\xf5`\xe0\xb6\xc7u\xc0\xb3\
\xc0&\x1b\xa5\xa4\xda)s\x96\xf7\x02\xbbsQ\xf5`\
\xe0\xb6\xc3b\xe0^\xe0\xf9s\x1e5\x90T\x1feQ\
\xfdX\x0c\xc3\x98\xca\x07T}\x06n\xf3u\x80\x1b\xe3\
\x99\xdb[rQRm\x949\xcb\x1f\x01o\xe7\xa2\xaa\
\xcf\xc0m\xbe\x15\xc0#\xc0\xe3.\x96\x97j\xaf\xccY\
\xde\x11\x0b\x0eT#\x06n\xb3\x8d\x02\xb7\x03\xaf\xc6\xce\
[I\xf56\x12\x0dT\xa7\xa3\x81\xca9\xcb5b\xe0\
6\xdbj\xe0W1\xe8\xc2\xc5\xf2R3\x949\xcb{\
\xa2\x89J5a\xe06\xd7$\xf0=\xe0\xb7\xc0e\xb9\
(\xa9\xb6:q\x97\xdb\x8d\xbb\xdc\x93\xf9\x80\xaa\xc9\xc0\
m\xae\xeb\x81\x17\x81\xbb|\x0cHj\x9c2g\xf9C\
`g.\xaa\x9a\x0c\xdcfZ\x16k\xf7\x9e\x8a;]\
I\xcd\xb3(\x82\xf7-\xe0\xe3\x5cT\xf5\x18\xb8\xcd\xd3\
\x05n\x8eF\xa9\xebsQRc\x94E\xf5S\xc0\xeb\
\xc0\xd9|@\xd5b\xe06\xcf\xaax\x04\xe8\xe1\xf8\x82\
\x94\xd4\x5c\x93q\xbd\x03|\x90\x8b\xaa\x16\x03\xb7Y&\
\x80o\xc7\x90\x8b\x95\xb9(\xa9q\xca\x9c\xe5\xb3\xd1@\
u:\x1fPu\x18\xb8\xcd\xb2\x06x\x0e\xd8h\xa3\x94\
\xd4\x1a\x131\xf6q\x1f\xf0n.\xaa:\x0c\xdc\xe6X\
\x02\xdc\x0f\xfc&\xbe\xf8$\xb5C\x99\xb3<\x0e\xbc\x01\
\x1c\xcb\x07T\x0d\x06n3t\x80o\x00/\x03\xebs\
QR\xe3\x95E\xf5G\x807]T_M\x06n3\
|\x15\xd8\x12\xcb\xe5\x9d\x97,\xb5SYT\xbf\x138\
\x98\x8b\x1a>\x03\xb7\xfeF\x81;\xe31\xa0\xabrQ\
Rk\x8c\xc4GKg\x80\xd7\xe2GU\x88\x81[\x7f\
W\x03O\x03?t^\xb2\xd4zeQ\xfd\xfbq\xa9\
B\x0c\xdcz[\x08l\x8a\x11\x8e\xcbrQR\xebt\
\xe2.w4\xeer\x8f\xe7\x03\x1a\x1e\x03\xb7\xden\x00\
~\x07|+\x17$\xb5VYT\x7f(\xf6\xe6\xaa\x22\
\x0c\xdc\xfaZ\x0e<\x04<\x19\xcf\xe1IRQ\x16\xd5\
o\x07\x0e\xe7\xa2\x86\xc3\xc0\xad\xa7\x11\xe06\xe0\x15`\
m.Jj\xbd2g\xf9\x04\xb0\xd5E\xf5\xd5`\xe0\
\xd6\xd3\x95\xc0/c#\x90\xff\x0f%M\xa7,\xaa\x7f\
/\xa6Pi\xc8|\xb1\xae\x9f\x05\xc0=1/yE\
.JR\xe8\xc6g\xb9\xc4\x9c\xe5S\xa9\xae\x013p\
\xebg-\xf0\x02p\xb7\xf3\x92%]BYT\xbf\x1f\
\xd8\x95\x8b\x1a,\x03\xb7^\x96\x02\x9b\x81g\xe2\xad\x22\
I\xba\x98N<\x97;\x0el\x03\x8e\xe6\x03\x1a\x1c\x03\
\xb7>\xba\xc0M\xd1(\xb5.\x17%\xe9\x02\xca\x9c\xe5\
O\x22t\x9d\xb3<$\x06n}\xac\x8cY\xc9\x8f\xc6\
\x17\x90$\xcdT\x99\xb3\xbc\x0b8\x90\x8b\x1a\x0c\x03\xb7\
\x1e\xc6\x80\x0dqw{E.J\xd2%\x94E\xf5\x9f\
G\x03\xd5\xa7\xf9\x80\xfa\xcf\xc0\xad\x87\xeb\x80gc\x8c\
\xa3\x8dR\x92\xe6\xa2\xccY\xde\x0b\xec\xceE\xf5\x9f\x81\
[}\x8b\x81{\x81\xe7\xcfi\xf1\x97\xa4\xd9*\x8b\xea\
\xc7b\x18\xc6T>\xa0\xfe2p\xab\xad\x03\xdc\x08\xbc\
\x04\xdc\x9a\x8b\x924Ke\xce\xf2G\xc0\xdb\xb9\xa8\xfe\
2p\xabm\x05\xf0\x08\xf0\xb8\xf3\x92%\xf5H\x99\xb3\
\xbc#\x16\x1ch@\x0c\xdc\xea\x1a\x05n\x8fF\xa9k\
sQ\x92\xe6h$\x1a\xa8NG\x03\x95s\x96\x07\xc4\
\xc0\xad\xae\xd5\xb1\x09h\xb3\xff\x9f$\xf5X\x99\xb3\xbc\
'\x9a\xa84\x00\xbe\x90W\xd3$\xb01v\xdd.\xcf\
EI\x9a\xa7N\xdc\xe5v\xe3.\xf7d>\xa0\xde3\
p\xab\xe9z\xe0\x9f\x01w\xf9\x18\x90\xa4>)s\x96\
?\x04v\xe6\xa2z\xcf\xc0\xad\x9ee\xb1v\xef\xa9\xb8\
\xd3\x95\xa4~Y\x14\xc1\xfb\x16\xf0q.\xaa\xb7\x0c\xdc\
j\xe9\x027\x03\xaf\xc6]\xae$\xf5SYT?\x05\
\xbc\x0e\x9c\xcd\x07\xd4;\x06n\xb5\xac\x8aG\x80\x1e\x8e\
/\x04I\xea\xb7\xc9\xb8\xde\x01>\xc8E\xf5\x8e\x81[\
\x1d\x13\xc0\xb7c\xb1\xfc\xca\x5c\x94\xa4>)s\x96\xcf\
F\x03\xd5\xe9|@\xbda\xe0V\xc7\x1a\xe0\xb9\xe8N\
\xb6QJ\xd2 M\xc4\xd8\xc7}\xc0\xbb\xb9\xa8\xde0\
p\xaba\x09p?\xf0\x9b\xf8K/I\x83T\xe6,\
\x8f\x03o\x00\xc7\xf2\x01\xcd\x9f\x81;|\x1d\xe0\x1b\xc0\
\xcb\xc0\xfa\x5c\x94\xa4\x01)\x8b\xea\x8f\x00o\xba\xa8\xbe\
\xf7\x0c\xdc\xe1\xfb*\xb0%\x96\xcb\x8f\xe7\xa2$\x0dP\
YT\xbf\x138\x98\x8b\x9a\x1f\x03w\xb8F\x81;\xe3\
1\xa0\xabrQ\x92\x06l$>\xe2:\x03\xbc\x16?\
\xaaG\x0c\xdc\xe1\xba\x1ax\x1a\xf8at\x0aJ\xd2\xb0\
\x95E\xf5\xef\xc7\xa5\x1e1p\x87g!\xb0\x09x1\
\xa6KIR\x15t\xe2.w4\xeer\x8f\xe7\x03\x9a\
\x1b\x03wxn\x88\xe5\x04\xdf\xca\x05I\x1a\xb2\xb2\xa8\
\xfeP\xec\xcdU\x0f\x18\xb8\xc3\xb1\x1c\xf8)\xf0D\xbc\
}#IUS\x16\xd5o\x07\x0e\xe7\xa2f\xcf\xc0\x1d\
\xbc\x11\xe0\xd6h\x94Z\x9b\x8b\x92T\x11e\xce\xf2\x09\
`\xab\x8b\xea\xe7\xcf\xc0\x1d\xbc+\x81_\x00\x0f\xfa\xe7\
/\xa9\xe2\xca\xa2\xfa\xf7b\x0a\x95\xe6\xc1\x17\xfc\xc1Z\
\x00\xdc\x13\xf3\x92W\xe4\xa2$UL7>\xcb%\xe6\
,\x9fJu\xcd\x82\x81;Xk\x81\x17\x80\xbb\x9d\x97\
,\xa9&\xca\xa2\xfa\xfd\xc0\xae\x5c\xd4\xcc\x19\xb8\x83\xb3\
\x14\xd8\x0c<\x13o\xd1HR\x1dt\xe2\xb9\xdcq`\
\x1bp4\x1f\xd0\xcc\x18\xb8\x83\xd1\x05n\x02^\x01\xd6\
\xe5\xa2$U\x5c\x99\xb3\xfcI\x84\xaes\x96\xe7\xc0\xc0\
\x1d\x8c\x951+\xf9\xd1\xf8\x8b+IuS\xe6,\xef\
\x02\x0e\xe4\xa2.\xcd\xc0\xed\xbf1`C\xdc\xdd^\x91\
\x8b\x92T\x13eQ\xfd\xe7\xd1@\xf5i>\xa0\x8b3\
p\xfb\xef:\xe0\xd9\x18\xe3h\xa3\x94\xa4:+s\x96\
\xf7\x02\xbbsQ\x17g\xe0\xf6\xd7b\xe0^\xe0\xf9s\
Z\xeb%\xa9\xae\xca\xa2\xfa\xb1\x18\x861\x95\x0f\xe8\xc2\
\x0c\xdc\xfe\xe9\x007\x02/\xc5d)Ij\x822g\
\xf9#\xe0\xed\x5c\xd4\x85\x19\xb8\xfd\xb3\x02x\x04x<\
\x9ec\x93\xa4\xa6(s\x96w\xc4\x82\x03\xcd\x80\x81\xdb\
\x1f\xa3\xc0\xed\xd1(um.JR\xcd\x8dD\x03\xd5\
\xe9h\xa0r\xce\xf2\x0c\x18\xb8\xfd\xb1\x1ax2\x06]\
\xf8g,\xa9\x89\xca\x9c\xe5=\xd1D\xa5K0\x0cz\
o\x12\xd8\x18\xbbn\x97\xe7\xa2$5D'\xeer\xbb\
q\x97{2\x1f\xd0\xf9\x0c\xdc\xde\xfb\x1a\xf0\x22p\x97\
\x8f\x01Ij\xb82g\xf9C`g.\xea|\x06n\
o-\x03\x1e\x00\x9e\x8e;]Ij\xbaE\x11\xbco\
\x01\x1f\xe7\xa2\xfe\xcc\xc0\xed\x9d.ps4J\xdd\x90\
\x8b\x92\xd4PeQ\xfd\x14\xf0:p6\x1f\xd0\x17\x0c\
\xdc\xdeY\x05<\x16\x8f\x02\x8d\xe6\xa2$5\xd8d\x5c\
\xef\x00\x1f\xe4\xa2\xbe`\xe0\xf6\xc6\x04\xf0m\xe0\xe5X\
T ImR\xe6,\x9f\x8d\x06\xaa\xd3\xf9\x80\x0c\xdc\
^Y\x03<\x17\xdd\xc96JIj\xa3\x89\x18\xfb\xb8\
\x0fx7\x17e\xe0\xf6\xc2\x12\xe0~\xe07\xf1\x97M\
\x92\xda\xa8\xccY\x1e\x07\xde\x00\x8e\xe5\x03mg\xe0\xce\
O\x07\xf8F\xbc\x95\xbc>\x17%\xa9e\xca\xa2\xfa#\
\xc0\x9b.\xaa?\x9f\x81;?_\x05\xb6\xc4r\xf9\xf1\
\x5c\x94\xa4\x16*\x8b\xeaw\x02\x07s\xb1\xcd\x0c\xdc\xb9\
\x1b\x05\xee\x04^\x05\xae\xcaEIj\xa9\x91\xf8\xa8\xed\
\x0c\xf0Z\xfc(\x03w^\xae\x8e\x01\x17?\x8c\x0e=\
I\xd2\x17\xca\xa2\xfa\xf7\xe3\x92\x81;g\x0b\x81M1\
\xc2qY.JR\xcbu\xe2.w4\xeer\x8f\xe7\
\x03md\xe0\xce\xcd\x0d\xb1\x9c\xe0[\xb9 I\x82s\
\x16\xd5\x1f\x8a\xbd\xb9\xadg\xe0\xce\xder\xe0\xa7\xc0\x13\
\xf1\xb6\x89$izeQ\xfdv\xe0p.\xb6\x8d\x81\
;;#\xc0\xad\xd1(\xb56\x17%I\xe7)s\x96\
O\x00[\xdb\xbe\xa8\xde\xc0\x9d\x9d+\x81_\x00\x0f\xfa\
g'I3R\x16\xd5\xbf\x17S\xa8Z\xcb\xd0\x98\xb9\
\x05\xc0=\xc0K\xc0\x8a\x5c\x94$M\xab\x1b\x9f\xe5\x12\
s\x96O\xa5zk\x18\xb83\xb7\x16x\x1e\xf8\x8e\xf3\
\x92%iV\xca\xa2\xfa\xfd\xc0\xae\x5cl\x0b\x03wf\
\xbe\x02\xfc\x18x6\xde\x1a\x91$\xcd\x5c'\x9e\xcb\x1d\
\x07\xb6\x01G\xf3\x8160p/\xad\x1bs\x92_\x01\
\xd6\xe5\xa2$iF\xca\x9c\xe5O\x22t[7g\xd9\
\xc0\xbd\xb4\x95\xc0\xcfcf\xf2X.J\x92f\xac\xcc\
Y\xde\x05\x1c\xc8\xc5\xa63p/n\x0c\xd8\x10w\xb7\
W\xe4\xa2$iV\xca\xa2\xfa\xcf\xa3\x81\xea\xd3|\xa0\
\xc9\x0c\xdc\x8b\xbb.>\xb7\xddd\xa3\x94$\xf5D\x99\
\xb3\xbc\x17\xd8\x9d\x8bMf\xe0^\xd8b\xe0\xde\xe8L\
.-\xed\x92\xa4\xf9)\x8b\xea\xc7b\x18\xc6T>\xd0\
T\x06\xee\xf4:\xc0\x8d\xf1\xcc\xed\xad\xb9(I\x9a\x97\
2g\xf9#\xe0\xed\x5cl*\x03wz+\x80G\x80\
\xc7\xe3\xf91IRo\x959\xcb;b\xc1A\xe3\x19\
\xb8_6\x0a\xdc\x1e\x8dR\xd7\xe6\xa2$\xa9'F\xa2\
\x81\xeat4P5~\xce\xb2\x81\xfbe\xab\x81'\x81\
\xcd\xfe\xf9HR_\x959\xcb{\xa2\x89\xaa\xd1\x0c\x94\
\xf3M\x02\x1bc\xd7\xed\xf2\x5c\x94$\xf5T'\xeer\
\xbbq\x97{2\x1fh\x12\x03\xf7|_\x03^\x04\xee\
\xf21 I\x1a\x882g\xf9C`g.6\x89\x81\
\xfbg\xcb\x80\x07\x80\xa7\xe3NW\x924\x18\x8b\x22x\
\xdf\x02>\xce\xc5\xa60p\xbf\xd0\x05n\x8eF\xa9\x1b\
rQ\x92\xd4WeQ\xfd\x14\xf0:p6\x1fh\x02\
\x03\xf7\x0b\xab\x80\xc7\xe2Q\xa0\xd1\x5c\x94$\xf5\xddd\
\x5c\xef\x00\x1f\xe4b\x13\x18\xb8_<\x80}7\xf0r\
,*\x90$\x0d^\x99\xb3|6\x1a\xa8N\xe7\x03u\
g\xe0\xc2\x1a\xe0\xb9\xe8N\xb6QJ\x92\x86g\x22\xc6\
>\xee\x03\xde\xcd\xc5\xbak{\xe0.\x01\xee\x8f\xc0]\
\x9c\x8b\x92\xa4\x81*s\x96\xc7\x817\x80c\xf9@\x9d\
\xb59p;\xc07\x80\xdf\x037\xe5\xa2$i(\xca\
\xa2\xfa#\xc0\x9bMZT\xdf\xe6\xc0\xfdj,\x95\xff\
y|7%I\xaa\x86\xb2\xa8~'p0\x17\xeb\xaa\
\xad\x81;\x0a\xdc\x09\xbc\x0a\x5c\x95\x8b\x92\xa4\xa1\x1a\x89\
\x8f\xfc\xce\x00\xaf\xc5\x8f\xb5\xd7\xd6\xc0\xbd:\x06\x5c\xfc\
0:\xe3$I\xd5R\x16\xd5\xbf\x1fW\xed\xb51p\
\x17\x02\x9bb\x84\xe3\xb2\x5c\x94$UB'\xeerG\
\xe3.\xf7x>P7m\x0c\xdc\x1bb9\xc1\xb7r\
A\x92T)eQ\xfd\xa1\xd8\x9b[km\x0b\xdc\xe5\
\xc0O\x81'\xe2\xed\x0aIR\xb5\x95E\xf5\xdb\x81\xc3\
\xb9X'm\x0a\xdc\x11\xe0\xd6h\x94Z\x9b\x8b\x92\xa4\
J*s\x96O\x00[\xeb\xbc\xa8\xbeM\x81{%\xf0\
\x0b\xe0\xc1\x96\xfdwKR\xdd\x95E\xf5\xef\xc5\x14\xaa\
ZjK\xf0,\x00\xee\x01^\x02V\xe4\xa2$\xa9\xd2\
\xba\xf1Y.1g\xf9T\xaa\xd7B[\x02w-\xf0\
<\xf0\x1d\xe7%KR-\x95E\xf5\xfb\x81]\xb9X\
\x07m\x08\xdc\xaf\x00?\x06\x9e\x8d\xb7$$I\xf5\xd3\
\x89\xe7r\xc7\x81m\xc0\xd1|\xa0\xea\x9a\x1e\xb8]`\
},\x96_\x97\x8b\x92\xa4Z)s\x96?\x89\xd0\xad\
\xd5\x9c\xe5\xa6\x07\xee\xca\x98\x95\xbc%\xfeGI\x92\xea\
\xad\xccY\xde\x05\x1c\xc8\xc5*kr\xe0\x8e\x01\x1bb\
\xb1\xfc\x15\xb9(I\xaa\xa5\xb2\xa8\xfe\xf3h\xa0\xfa4\
\x1f\xa8\xaa&\x07\xee\xb5\xc031\xc6\xd1y\xc9\x92\xd4\
\x1ce\xce\xf2^`w.VUS\x03w\x11p/\
\xf0B|'$Ij\x8e\xb2\xa8~,\x86aL\xe5\
\x03U\xd4\xc4\xc0\xed\x007\xc63\xb7\xb7\xe6\xa2$\xa9\
\x11\xca\x9c\xe5\x8f\x80\xb7s\xb1\x8a\x9a\x18\xb8+\x80G\
\x80\xc7\xe3\xb9-IR3\x959\xcb;b\xc1A\xa5\
5-pG\x81\xdb\xe31\xa0ksQ\x92\xd4(#\
\xf1\xb1\xe1\xe9h\xa0\xaa\xf4\x9c\xe5\xa6\x05\xeej\xe0I\
`s\x03\xff\xdb$I_V\xe6,\xef\x89&\xaa\xca\
jR(M\x02\x1bc\xd7\xed\xf2\x5c\x94$5R'\
\xeer\xbbq\x97{2\x1f\xa8\x8a&\x05\xee\xd7\x80\x17\
\x81\xbb\x9c\x97,I\xadR\xe6,\x7f\x08\xec\xcc\xc5\xaa\
hJ\xe0.\x03\x1e\x00\x9e\x8e;]IR\xbb,\x8a\
\xe0}\x0b\xf88\x17\xab\xa0\x09\x81\xdb\x05n\x8eF\xa9\
\x1brQ\x92\xd4\x0aeQ\xfd\x14\xf0:p6\x1f\x18\
\xb6&\x04\xee*\xe0\xb1x\x14h4\x17%I\xad1\
\x19\xd7;\xc0\x07\xb98lu\x0f\xdcq\xe0\xee\x98\x97\
\xbc2\x17%I\xadR\xe6,\x9f\x8d\x06\xaa\xd3\xf9\xc0\
0\xd5=p\xd7\x00\xcfEw\xb2\x8dR\x92\xa4\x89\x18\
\xfb\xf8'\xe0\xdd\x5c\x1c\xa6:\x07\xee\x12\xe0\xfe\x08\xdc\
\xc5\xb9(Ij\xa5s\xe7,\xbf\x01\x1c\xcb\x07\x86\xa5\
\xae\x81\xdb\x01\xbe\x01\xfc\x1e\xb8)\x17%I\xadV\x16\
\xd5\x1f\x01\xde\xac\xca\xa2\xfa\xba\x06\xeeW\x81Gc\xb9\
\xfcx.J\x92Z\xaf,\xaa\xdf\x09\x1c\xcc\xc5a\xa8\
c\xe0\x8e\x02w\xc6c@W\xe5\xa2$I\x91oK\
\x803\xc0k\xf1\xe3P\xd51p\xaf\x06\x9e\x02\xees\
\xb1\xbc$\xe9\x22\xca\xa2\xfa\xf7\xe3\x1a\xaa\xba\x05\xeeB\
\xe0\x07\xc0oc\xba\x94$I\x17\xd2\x89\xbb\xdc\xd1\xb8\
\xcb=\x9e\x0f\x0cR\xdd\x02\xf7\x86\x08\xdbo\xe5\x82$\
I\xd3(\x8b\xea\x0f\xc5\xde\xdc\xa1\xa9S\xe0.\x07~\
\x1a\xeb\xf7\x16\xe4\xa2$I\x17P\x16\xd5o\x07\x0e\xe7\
\xe2\xa0\xd4%pG\x80[\x81W\x81\xb5\xb9(I\xd2\
E\x949\xcb'\x80\xad\xc3ZT_\x97\xc0\xbd\x12\xf8\
\x05\xf0`\x8d~\xcf\x92\xa4\xea(\x8b\xea\xdf\x03\xf6\xe5\
\xe2 \xd4!\xbc\x16\x00\xf7\x00/\x01+rQ\x92\xa4\
\x19\xe8\xc6g\xb9\xc4\x9c\xe5S\xa9\xdewu\x08\xdc\xb5\
\xc0\xf3\xc0w\x9c\x97,I\x9a\x87\xb2\xa8~?\xb0+\
\x17\xfb\xad\xea\x81\xfb\x15\xe0\xc7\xc0\xb3\xf1V\x80$I\
s\xd5\x89\xe7r\xc7\x81m\xc0\xd1|\xa0\x9f\xaa\x1c\xb8\
]`}L\x94Z\x97\x8b\x92$\xcdA\x99\xb3|,\
\x96\x1b\x0cl\xcer\x95\x03we\xccJ\xde\x12\x7f@\
\x92$\xf5B\x99\xb3\xbc\x0b8\x90\x8b\xfdR\xd5\xc0\x1d\
\x036\xc4b\xf9+rQ\x92\xa4y(\x8b\xea?\x8f\
\x06\xaaO\xf3\x81~\xa8j\xe0^\x0b<\x03lr^\
\xb2$\xa9\x0f\xca\x9c\xe5\xbd\xc0\xee\x5c\xec\x87*\x06\xee\
\x22\xe0^\xe0\x85\xf8\x0eD\x92\xa4^;wQ\xfdV\
`*\x1f\xe8\xb5\xaa\x05n\x07\xb8\x11\xf8]L\x96\x92\
$\xa9_\xca\x9c\xe5\x8f\x80\xb7s\xb1\xd7\xaa\x16\xb8\x7f\
\x01<\x12S\xa5&rQ\x92\xa4\x1e+s\x96w\xc4\
\x82\x83\xbe\xa9R\xe0\x8e\x00w\xc4\xbc\xe4ksQ\x92\
\xa4>\x18\x89\x8f/OG\x03U\xdf\xe6,W)p\
\xaf\x02\x9e\x006W\xec\xf7%Ij\xb62gyO\
4Q\xf5EU\x82m\x12\xd8\x18\xf3\x92\x97\xe7\xa2$\
I}\xd4\x89\xbb\xdcn\xdc\xe5\x9e\xcc\x07z\xa1*\x81\
\xfb5\xe0E\xe0.\xe7%K\x92\x86\xa0\xccY\xfe\x10\
\xd8\x99\x8b\xbdP\x85\xc0]\x06<\x00<\x1dw\xba\x92\
$\x0d\xc3\xa2\x08\xde\xb7\x80\x8fsq\xbe\x86\x1d\xb8]\
\xe0\xe6\x98\x97|C.J\x924@eQ\xfd\x14\xf0\
:p6\x1f\x98\x8fa\x07\xee*\xe0\xb1x\x14h4\
\x17%I\x1a\xb0\xc9\xb8\xde\x01>\xc8\xc5\xf9\x18f\xe0\
\x8e\x03w\xc7\xbc\xe4\x95\xb9(I\xd2\x10\x949\xcbg\
\xa3\x81\xeat>0W\xc3\x0c\xdc5\xc0s\xd1\x9dl\
\xa3\x94$\xa9*&b\xec\xe3\x9f\x80wsq\xae\x86\
\x15\xb8K\x80\xfb#p\x17\xe7\xa2$ICt\xee\x9c\
\xe57bw\xee\xbc\x0d#p;\xc07\x80\xdf\x037\
\xe5\xa2$I\x15P\x16\xd5\x1f\x01\xde\xec\xc5\xa2\xfaa\
\x04\xeeW\x81Gc\xb9\xfcx.J\x92T\x11eQ\
\xfdN\xe0`.\xce\xd6\xa0\x03w\x14\xb83\x1e\x03\xba\
*\x17%I\xaa\x90\x91\xf8\x08\xf4\x0c\xf0Z\xfc8g\
\x83\x0e\xdc\xab\x81\xa7\x80\xfb\x5c,/I\xaa\x81\xb2\xa8\
\xfe\xfd\xb8\xe6l\x90\x81\xbb\x10\xf8\x01\xf0\xdb\x98.%\
IR\xd5u\xe2.w4\xeer\x8f\xe7\x0335\xc8\
\xc0\xbd!\xc2\xf6[\xb9 IR\x85\x95E\xf5\x87b\
o\xee\x9c\x0c*p\x97\x03?\x05\x9e\x8c\xdbsI\x92\
\xea\xa4,\xaa\xdf\x0e\x1c\xce\xc5\x99\x18D\xe0\x8e\x00\xb7\
F\xa3\xd4_\xe6\xa2$I5P\xe6,\x9f\x00\xb6\xce\
eQ\xfd \x02\xf7J\xe0\x17\xc0\x83\x03\xfa\xf5$I\
\xea\x87\xb2\xa8\xfe=`_.^J\xbf\x03p\x02\xf8\
N\x0c\xb9X\x91\x8b\x92$\xd5H7>\xcb%\xe6,\
\x9fJ\xf5\x8b\xeaw\xe0\xfe%\xf0|\x84\xae\xf3\x92%\
IuW\x16\xd5\xef\x07v\xe5\xe2\xc5\xf43p\xbf\x02\
\xfc\x18x6n\xc1%I\xaa\xbbN<\x97;\x0el\
\x03\x8e\xe6\x03\x17\xd2\xaf\xc0\xed\x02\xeb\xa3Qj].\
J\x92Tce\xce\xf2\xb1Xn0\xa39\xcb\xfd\x0a\
\xdc\x951+yK\xfc\xc6$Ij\x922gy\x17\
p \x17\xa7\xd3\x8f\xc0\x1d\x036\xc4b\xf9+rQ\
\x92\xa4\x06(\x8b\xea?\x8f\x06\xaaO\xf3\x81\xac\x1f\x81\
{-\xf0\x0c\xb0\xc9y\xc9\x92\xa4\x06+s\x96\xf7\x02\
\xbbs1\xebu\xe0.\x02\xee\x05^\x88\xe4\x97$\xa9\
\xa9\xce]T\xbf\x15\x98\xca\x07\xce\xd5\xcb\xc0\xed\x007\
\x02\xbf\x8b\xc9R\x92$5]\x99\xb3\xfc\x11\xf0v.\
\x9e\xab\x97\x81\xfb\x17\xc0#1Uj\x22\x17%Ij\
\xa82gyG,8\x98V\xaf\x02w\x04\xb8\x03x\
5>\xc3\x95$\xa9-F\xe2c\xd4\xd3\xd1@5\xed\
\x9c\xe5^\x05\xeeU\xc0\x13\xc0\xe6\x1e\xfe\x9c\x92$\xd5\
E\x99\xb3\xbc'\x9a\xa8\xbe\xa4\x17\xe18\x09l\x04^\
\x8a5|\x92$\xb5M'\xeer\xbbq\x97{r\xba\
\x03\xf3\xf5\x15\xe0\xfb\xc0\x8fz\xf4\xf3I\x92TG\xff\
\x08\xfco\xe0o\xa6\xbb\xcb\xedE@\x8e\xc7\x9d\xed\xa2\
\x5c\x90$\xa9e\xce\x00G\x80\x7f\xc8\x05I\x92$I\
\x92$I\x92$I\x92$I\x92$I\xea\xad\xff\x07\
\xf4l|\x8fbh\xe2\x10\x00\x00\x00\x00IEND\
\xaeB`\x82\
\x00\x00\x22Z\
\x89\
PNG\x0d\x0a\x1a\x0a\x00\x00\x00\x0dIHDR\x00\
\x00\x01\xdc\x00\x00\x01\x94\x08\x06\x00\x00\x00\x9f\xa8\x93\xf4\
\x00\x00\x00\x01sRGB\x00\xae\xce\x1c\xe9\x00\x00\x00\
\x04gAMA\x00\x00\xb1\x8f\x0b\xfca\x05\x00\x00\x00\
\x09pHYs\x00\x00\x0b\x13\x00\x00\x0b\x13\x01\x00\x9a\
\x9c\x18\x00\x00!\xefIDATx^\xed\xddK\x8c\
\x96g\x96\xd8\xf1\x7fO\x87\x99\x90fbH\x07P[\
J2\x89FJ\x22\x8d\x8d+R\x16YD\x8a\x94H\
\xc9\x22\x91\xa2H\x13e\x16\x99E\xb2\x98YD\x91\x92\
H\x91\xa2H\xd9D\x8a\x92E\x16\xc9\x22\xb6\x07w\xdb\
\xa6\xdd\xee\xe1\xd2\x5cM\x81\x01\x97\x19\xda\xc2\xe0\x12\xb7\
\xa2lP\xd9\x05\x98\x9b\x81\xbaPT}EQ\xe5\xba\
d\xe1\xf3\xd9\xc5\xe3\xa2\xf8\xea\xbb\xbc\xdf{\xf9\xff\xa4\
OH\x1c\x0c\xd8\x86:\xefy\xde\xf3\x9c\x03\x92$I\
\x92$I\x92$I\x92$I\x92$I\x92\xd4N?\
H\xbf#\xfc6\xb0\x09X\x97\x06$I\xaa\x98i`\
\x1c\x98K\x03k\xf1\xac\x84\xfb\xd7\x81?\x00~g\x95\
\x1f#IR\xd9-\x01\xbd@\x1f0\x99\x06\xd7\xe2Y\
\xc9\xf4\xc7\xc0\xff\x02\xfeeT\xbb\x92$U\xd1M\xe0\
?F\xd2\x9dI\x83k\xf1\xc3\xf4;\xc2L\x94\xd0\xaf\
\x00?Y%1K\x92TV_\x03o\x03\xbf\x02\xc6\
\xd2\xe0Z\xfdF\xfa\x1d\xcb|\x04\x1ck\xc7/\x22I\
R\x01\x0d\x02\x07\x80\xbbi\xa0\x19\xab%\xdcY\xe0O\
\x81\x0b\xad\xbe(\x96$\xa9`\xa6\x80w#\xe9.\xa4\
\xc1f<\xebH\xb9n\x04\xd8\x00\xbc\x0clL\x83\x92\
$\x95\xd4\x07\xc0\x9f\x00_\xa6\x81f\xadV\xe1\x12\xdd\
Y\xfb\x81\xd3\xf1NW\x92\xa4\xb2\xbb\x07\xfc\x12\x18\x8e\
<\xd8\x16\xcf\xabp\x01j\xf1\xe2\xb8\x07\xd8b\x03\x95\
$\xa9\xc4\x16\x80\x9dq\x9c\xfc \x0d\xb6\xe2y\x15n\
\xdd\x87Q^?L\x03\x92$\x95\xc8Pt%\xdfN\
\x03\xadj4\xe1\xd6\xa2\xbc\xbe\x0c\xcc\xa7AI\x92J\
`&\xaa\xdb\x8bq\xb2\xdbV\x8d&\x5c\x80\xf3\xc0{\
\xc0\xfd4 IR\x09|\x02\x1c\x8e\x86\xe1\xb6[K\
\xc2]\x00\xf6\x00g[\x9d\xb6!IR\xce\x8c\x01\xbf\
\x88#\xe5\xc54\xd8\x0e\x8d4M-7\x11I\xfa\x95\
\x18\xffh\x03\x95$\xa9\xe8\xea7r\xden\xd7\x90\x8b\
\x95\xac\xa5\xc2\xad;\x0a\x9clu\x88\xb3$I9q\
=\xde\xdd\xb6\xed\xce\xedJ\x9aI\xb8\x13\xd1@u\xa5\
]\xd37$I\xea\x92\xb9x]z.&,vL\
3\x09\x17\xe0\x0cp\x04\x18M\x03\x92$\x15\xc8E\xe0\
`\x0c\xbb\xe8\xa8f\x13\xee\x1c\xb0+\x8b'\x02I\x92\
:\xe4Q\x0c\xb8\xc8\xe4\xc4v\xadMS\xcb\x8d\x02\xeb\
\xa3\x81jS\x1a\x94$)\xe7\xde\x07\xde\x88\x9d\xb7\x1d\
\xd7l\x85[w(\xd6\xf8\xd5\xd2\x80$I9v'\
\xfa\x91\xae\xa7\x81Ni\xa5\xc2%\x16\x1a<\x899\xcb\
[\xbd&$I*\x80\xf9\xb8s\xbb+\xcb^\xa4V\
+\x5c\x80S\xc0q`<\x0dH\x92\x94CW\x80}\
Q\xe5f\xa6\x1d\x09\xf7q,\xaa\x1f\xe8\xc4\xecII\
\x92\xdah:\x8e\x92\x07\xb2\xde\x0d\xd0\x8e\x84\x0bp\x09\
8\x90E[\xb5$I-\xf88\x068ev\x94\x5c\
\xd7\xae\x84\xbb\x18\xe5\xf9\xc7Q\xf1J\x92\x947\x0f\xe2\
\x1a\xd0\x17\xed\x5c,\xdf\xa8V\x9b\xa6\x96\x9b\x8c\x7f\x81\
W\x80\xcd6PI\x92rd1\xf6\xdc\xbe\xd3\xad\xd3\
\xd8vU\xb8u\xc7\x81\xbe\xb8L,IR^\x0c\x03\
\xbb\xb3\xbas\xbb\x92vV\xb8\xc4\xd4\xa9\x09`\x1b\xf0\
b\x07\x12\xba$Ik5\x0bl\x8f\x11\x8e]+\x08\
;\x91\x10\xfb\x81\xdeN-\xf0\x95$i\x8d\xce\x01\xef\
\x01\xf7\xd3@\x96:\x91p\xe7\xa3l\xef\x8f\xa1\x18\x92\
$u\xcb\xc3\x18rq\xb5S\x8b\xe5\x1b\xd5\xee#\xe5\
\xbaq`\xdd\xb2E\xf5\x92$em\x098\x0c\xfc\x0c\
\xb8\x9d\x06\xb3\xd6\x89\x0a\xb7\xae7\xa6PM\xa5\x01I\
\x922p+\x063ut\xb1|\xa3:U\xe1\x02\xcc\
\xc4D\x8fW\x80\x9fxMH\x92\x94\xa1\xaf\x81\xb7\xe3\
*\xd0X\x1a\xec\x86NV\xb8\xc4&\xa1cy\xf9\x97\
\x95$U\xc6`L@\xbc\x9b\x06\xba\xa5\xd3\x09w6\
\xca\xf9\x0b\xb1\xb4^\x92\xa4N\x9b\x8a\x89R\x83Y,\
\x96oT'\x8f\x94\xebF\x80\x0d\xc0\xcb\xc0\xc64(\
IR\x9b}\x00\xfcI^\xde\xdd\xd6u\xba\xc2%\xba\
\xc4\xf6\x03\xa7\xe3\x9d\xae$I\x9dr/\xb6\x01\x0dw\
c^\xf2j\xb2\xa8p\x01j\xf1\x02\xbb\x07\xd8b\x03\
\x95$\xa9\x03\x16\x80\x9dq\x9c\xfc \x0dv[\x16\x15\
n\xdd\x87Q\xe6?L\x03\x92$\xb5\xc1Pt%w\
\xfd\xce\xedJ\xb2L\xb8\xb5(\xf3/g\xbd\xf4W\x92\
Tz3Q\xdd^\x8c\x13\xd5\xdc\xc92\xe1\x02\x9c\xcf\
\xc3<KIR\xe9|\x12S\xa5r;\xc7?\xeb\x84\
\xbb\x00\xec\x01\xce\xc6\xd3\x88$I\xad\x1a\x8by\xc9C\
\xdd\x9e\x97\xbc\x9a\xac\x9a\xa6\x96\x9b\x88D_\x9f\xb3l\
\x03\x95$\xa9Y\xf5\x9b0o\xe7i\xc8\xc5J\xb2\xae\
p\xeb\x8e\x02'\x81\xc94 I\xd2\x1a\x5c\x07vu\
s\xb1|\xa3\xbaQ\xe1\x12k\xfb\xa6\x96\xcdY\xeeV\
\xe2\x97$\x15\xd7\x5cl\x02\xdaW\x84\x1b0\xddLt\
g\x80#\xc0h\x1a\x90$\xa9\x01\x97\x80\x831\xec\x22\
\xf7\xba\x99p\xe7\xe2\x18\xe0\x5c\xcc\x5c\x96$\xa9Q\x8f\
\xa2Q\xeaJ\x9e\xe6%\xaf\xa6[G\xcau\xa3\xc0\xfa\
8Z\xde\x94\x06%Iz\x86\xf7\x817\x8a\xf0\xee\xb6\
\xae\x9b\x15n\xdd\xa1X\xe3WK\x03\x92$\xad\xe0N\
\x0cR\xba\x9e\x06\xf2\xac\xdb\x15.\xb1\xd0\xe0I\xccY\
\xde\xea5!I\xd2*\xe6\xe3(yW\xd1z\x80\xf2\
P\xe1\x02\x9c\x02\x8e\x03\xe3i@\x92\xa4e\xaeDW\
\xf2\x9d4\x90wyI\xb8\x8fcQ\xfd@^g`\
J\x92\xban:\x8e\x92\x07\x8a8\x93?/\x09\x97h\
\xef>P\x94\xf6nIR\xe6>\x8e\xc1I\x85:J\
\xae\xcbS\xc2]\x8cc\x82\x8f\xa3\xe2\x95$\xa9\xeeA\
\xec\xb9\xfd\x22o\x8b\xe5\x1b\x95\x87\xa6\xa9\xe5&\xe3?\
\xe4+\xc0f\x1b\xa8$IQ\x90\xfd\x0ax\xa7\xc8\xa7\
\xa0y\xaap\xeb\x8e\x03}q\xa9Y\x92\xa4a`w\
\x91\xee\xdc\xae$o\x15.1uj\x02\xd8\x06\xbc\x98\
\xd3\x87\x02IR6f\x81\xed1\xc2\xb1\xd0\x85X^\
\x93Y?\xd0\x9b\xe7E\xc2\x92\xa4L\x9c\x03\xde\x03\xee\
\xa7\x81\xa2\xc9k\xc2\x9d\x8f\xe3\x83\xfe\x18\x8a!I\xaa\
\x9e\x871\xe4\xe2j\x9e\x17\xcb7*\x8fG\xcau\xe3\
\xc0\xbae\x8b\xea%I\xd5\xb1\x04\x1c\x8e\xf5{\xb7\xd3\
`\x11\xe5\xb5\xc2\xad\xeb\x8d)TSi@\x92Tj\
\xb7b \xd2\x97i\xa0\xa8\xf2\x5c\xe1\x02\xcc\xc4d\x91\
\xfa\xa2z\xaf\x09IR\xf9}\x0d\xec\x00\xf6\x00ci\
\xb0\xa8\xf2^\xe1\x12\x9b\x84\x8e\x95\xe9?\xba$iU\
\x83\xc0~\xe0\xab4PdEH\xb8\xb3q\xacp!\
\x96\xd6K\x92\xcak*\xe6%\x7fZ\xc4y\xc9\xab\xc9\
\xfb\x91r\xdd\x08\xb0\x01x\x19\xd8\x98\x06%I\xa5\xd1\
\x07\xbc\x0e\xdcH\x03EW\x84\x0a\x97\xe8V\xdb\x0f\x9c\
\x8ew\xba\x92\xa4\xf2\xb9\x17\xf3\x92\x87\x8b:/y5\
E\xa9p\x01j\xf1\x22\xbd\x07\xd8b\x03\x95$\x95\xca\
\x02\xb03\x12\xee\x834X\x06E\xa9p\xeb>\x04>\
\x88\xcb\xd0\x92\xa4\xf2\x18\x8a\x05\x05\xa5\xb8s\xbb\x92\xa2\
%\xdcZ\xbcL\xbf\x5c\xb6\x97\xe9\x92Ta3Q\xdd\
^\x8c\x93\xccR*Z\xc2\x058\x0f\x1c*\xc3\x5cM\
I\x12\x00\x9f\xc4T\xa9R\xcf\xcf/b\xc2]\x88c\
\x87\xb3\xf1T$I*\xae\xb1\x98\x97<T\x86y\xc9\
\xab)R\xd3\xd4r\x13\xf1\xb0P\x9f\xb3l\x03\x95$\
\x15O\xfd\x06\xca\xdb\xc0\xdd4X6E\xacp\xeb\x8e\
\x02'\x81\xc94 I*\x84\xeb\xc0\xae\xa2/\x96o\
TQ+\x5cbm\xdf\xd4\xb29\xcbE~x\x90\xa4\
\xaa\x99\x8bM@\xfb\xaar\xf3\xa4\xe8I\xea\x0cp\x04\
\x18M\x03\x92\xa4\x5c\xbb\x04\x1c\x8ca\x17\x95P\xf4\x84\
;\x17\xc7\x11\xe7b\xe6\xb2$)\xff\x1eE\xa3\xd4\x95\
h\x84\xad\x84\x22\x1f)\xd7\x8d\x02\xeb\xe3hyS\x1a\
\x94$\xe5\xce1`{U\xde\xdd\xd6\x15\xbd\xc2\xad;\
\x14k\xfcji@\x92\x94+wb\x80\xd1\xf54P\
ve\xa8p\x89\x85\x06Ob\xce\xf2V\xaf\x09IR\
.\xcd\xc7\xac\xe4\x9dU\xec\xbd)K\x85\x0bp\x0a8\
\x0e\x8c\xa7\x01IR.\x5c\x05\xf6F\x95[9eJ\
\xb8\x8fcQ\xfd@\x99gqJRAM\xc7Q\xf2\
@Ug\xe1\x97\xe5H\xb9\xee\x01\xf0B,\xaa\x7f!\
\x0dJ\x92\xba\xe6\x14\xf0*p-\x0dTE\x99*\x5c\
b\x0e\xe7>\xe0\xe3\xa8x%I\xdd\xf7 \xde\xdd~\
Q\xc6\xc5\xf2\x8d*[\x85K\x8cz\x5c\x8c\x06\xaa\xcd\
6PIRW-\xc6\xc2\x99w\xaa4\xe4b%e\
\xabp\xebN\x00}q\xb9Z\x92\xd4=\xc3\xc0\xee\xaa\
\xdd\xb9]I\x19+\x5cb\xea\xd4\x04\xb0\x0dx\xb1\xc4\
\x0f\x16\x92\x94g\xb31\xe0\xe2\xa0\x05P\xb9\x13Q?\
\xd0[\xf6\x85\xc6\x92\x94c\xe7\x80\xf7\x80\xfbi\xa0\x8a\
\xca\x9cp\xe7\xe3\x18\xa3?\x86bH\x92\xb2\xf30\xe6\
%_-\xfbb\xf9F\x95\xf5H\xb9n\x1cX\xb7l\
Q\xbd$\xa9\xf3\x96\x80\xc3\xb1~\xefv\x1a\xac\xaa2\
W\xb8u\xbdq\xffk*\x0dH\x92:\xe2V\x0c\x22\
\xfa2\x0dTY\xd9+\x5c\x80\x99\x98pR_T\xef\
5!I\xea\x9c\xaf\x81\x1d\xc0\x1e`,\x0dVY\x15\
*\x5cb\x93\xd01\xff\xe7KR\xc7\x0d\x02\xfb\x81\xaf\
\xd2@\xd5U%\xe1\xce\xc6\xf1\xc6\x85XZ/Ij\
\xbf\xa9\x98\x97\xfciU\xe7%\xaf\xa6\x0aG\xcau#\
\xc0\x86\x98\xb3\xbc1\x0dJ\x92Z\xd6\x07\xbc\x0e\xdcH\
\x03\xaaN\x85Kt\xcd\xed\x07N\xc7;]IR\xfb\
\xdc\x8b\xea\xf6Z\x95\xe7%\xaf\xa6J\x15.@-^\
\xe8\xf7\x00[l\xa0\x92\xa4\xb6X\x8c\xa5\xf2\xef:\xe4\
\xe2\xd9\xaaT\xe1\xd6}\x08|\x10\x97\xb2%I\xad\x1b\
\x8a\xae\xe4[i@\xdf\xa9b\xc2\xad\xc5\xb1\xc7e_\
\xeaKR\xcbf\xa2)\xf5b\x9c \xea\x19\xaa\x98p\
\x01\xce\x03\x87<\xfa\x90\xa4\x96}\x12S\xa5\x9c[\xff\
\x1cUM\xb8\x0b\xb1\x9f\xf1l<\x9dI\x92\xd6n,\
\xe6%\x0f9/\xf9\xf9\xaa\xd64\xb5\xdcD<p\xd4\
\xe7,\xdb@%I\x8d\xab\xdf\xfcx\x1b\xb8\x9b\x06\xf5\
}U\xadp\xeb\x8e\x02'\x81\xc94 IZ\xd5u\
`\x97\x8b\xe5\x1bW\xe5\x0a\x97X\xdb7\xb5l\xcer\
\xd5\x1f@$\xa9\x11s\xb1\x09h\x9f7>\x1ag\x82\
\x813\xc0\x11`4\x0dH\x92Vt\x098\x18\xc3.\
\xd4 \x13\xee7Oj\xbb\x80s1sY\x92\xf4l\
\x8f\xa2Q\xeaJ4\xa0\xaaAU?R\xae\x1b\x05\xd6\
\xc7\xd1\xf2\xa64(I\xfa\xd61`\xbb\xefn\xd7\xce\
\x0a\xf7;\x87b\x8d_-\x0dH\x92\x00\xb8\x13\x83\x83\
\xae\xa7\x01=\x9f\x15\xeew\xa6\xa3\x89\xaa\x07\xd8\xea5\
!Iz\xca|\xccJ\xdei\xcfKs\xacp\x9fv\
\x0a8\x0e\x8c\xa7\x01I\xaa\xb8\xab\xc0\xde\xa8r\xd5\x04\
\x13\xee\xd3\x1e\xc7L\xd0\x01g\x82J\xd2\xb7\xa6\xe3(\
y\xc0\x19\xf4\xcd3\xe1~\xdf%\xe0\x80\xed\xee\x92\xf4\
-\xafO\xb6\x81\x09\xf7\xfb\x16\xe32\xf7\xc7Q\xf1J\
R\x95\x8d\xc45\xa0/\x5c,\xdf\x1a\x9b\xa6V6\x19\
\x89\xb7\x07\xd8l\x03\x95\xa4\x8aZ\x8cE/\xefx\xea\
\xd7:+\xdcg;\x01\xf4\xc5%oI\xaa\xa2a`\
\xb7\x8b\xe5\xdb\xc3\x0a\xf7\xd9fc\xa3\xd06\xe0E\x1f\
N$U\xccl\x0c\xb88\x18_\x0b\xd5\x22\x93\xc8\xea\
\xfa\x81^\x17+K\xaa\xa0s\xc0{\xc0\xfd4\xa0\xe6\
\x98pW7\x1f\xc7)\xfd1\x14C\x92\xaa\xe0a4\
J]u\xb1|\xfbx\xa4\xfc|\xe3\xc0\xbae\x8b\xea\
%\xa9\xcc\x96\x80\xc3\xb1~\xefv\x1aT\xf3\xacp\x1b\
\xd3\x1bS\xa8\xa6\xd2\x80$\x95\xcc\xad\x18\x00\xf4e\x1a\
Pk\xacp\x1b3\x13\x93V\xea\x8b\xea\xbd&$\xa9\
\x8c\xbe\x06v\x00{\x80\xb14\xa8\xd6X\xe16\xee\xa3\
XK\xe5\x1fBIe5\x08\xec\x07\xbeJ\x03j\x9d\
\x09\xb7q\xb3q\xccr!\x96\xd6KR\x99L\xc5\xbc\
\xe4O\x9d\x97\xdc\x19\x1e)\xaf\xcd\x08\xb0\x01x\x19\xd8\
\x98\x06%\xa9\xc0\xfa\x80\xd7\x81\x1bi@\xeda\x85\xbb\
6Kq\xdcr:\xde\xe9JR\x19\xdc\x8b\xea\xf6\x9a\
\xf3\x92;\xc7\x0aw\xedj\xd1X\xd0\x03l\xb1\x81J\
R\xc1-\xc6R\xf9w\x1dr\xd1YV\xb8\xcd\xf9\x10\
\xf8 .\x87KR\x91\x0dEW\xb2\xf3\x92;\xcc\x84\
\xdb\x9cZ\x1c\xbf\x5c\xb6\xb9@R\x81\xcdD3\xe8\xc5\
8\xb9S\x07\x99p\x9bw\x1e8\xe4\x11\x8c\xa4\x02s\
^|\x86L\xb8\xcd[\x88=\x91g\xe3)Q\x92\x8a\
d,\xe6%\x0f9/9\x1b6M\xb5f\x22\x1eZ\
\xeas\x96m\xa0\x92T\x04K\xc0\x01\xe0-\xe0n\x1a\
TgX\xe1\xb6\xee(p\x12\x98L\x03\x92\x94S7\
\xa23\xf9f\x1aP\xe7X\xe1\xb6\xeeILh\xa9\xcf\
Y\xf6!FR\x9e\xcd\xc5&\xa0}\xde\xb4\xc8\x96\xc9\
\xa1=\xce\x00G\x80\xd14 I9s\x098\x18\xc3\
.\x94!\x13n{\xcc\x01\xbb\x80s1sY\x92\xf2\
\xe8Q4J]\x89\xc6Oe\xc8#\xe5\xf6\x19\x05\xd6\
\xc7\xd1\xf2\xa64(I9p\x0c\xd8\xee\xbb\xdb\xee\xb0\
\xc2m\xafC\xb1\xc6\xaf\x96\x06$\xa9\xcb\xee\xc4\xc0\x9e\
\xebi@\xd9\xb0\xc2m\xaf\xe9h\xa2\xea\x01\xb6zM\
HRN\xcc\xc7\xac\xe4\x9d\xf6\x9at\x8f\x15n\xfb\x9d\
\x02\x8e\x03\xe3i@\x92\xba\xe4*\xb07\xaa\x5cu\x89\
\x09\xb7\xfd\x1e\xc7l\xd2\x01g\x93J\xca\x81\xe98J\
\x1ep\xf6{w\x99p;\xe3RLq\xb1\xed^R\
\xb7ym1'L\xb8\x9d\xb1\x18\x97\xca?\x8e\x8aW\
\x92\xbaa$\xae\x01}\xe1b\xf9\xee\xb3i\xaas&\
#\xf1\xf6\x00\x9bm\xa0\x92\x94\xb1\xc5X\xb0\xf2\x8e\xa7\
m\xf9`\x85\xdbY'\x80\xbe\xb8l.IY\x1a\x06\
v\xbbX>?L\xb8\x9d5\x19\xcd\x0a\x836+H\
\xca\xd0l$\xdb\xf3N\xbf\xcb\x0f\x13n\xe7\xb9\xe0Y\
R\xd6\xce\xc7 \x9e\xfbi@\xddc\xc2\xed\xbc\xf9x\
\xd2\xec\x8f\xa1\x18\x92\xd4I\x0f\xa3Q\xea\xaa\x8b\xe5\xf3\
\xc5\xa6\xa9l\x8c\x03\xeb\x96-\xaa\x97\xa4NX\x02\x0e\
\xc7\xfa\xbd\xdbiP\xdde\x85\x9b\x9d\xde\x98B5\x95\
\x06$\xa9Mn\xc5\xe0\x9d\x1bi@\xddg\x85\x9b\x9d\
\x99\x98\xf8R_T\xef5!I\xed\xf45\xb0\x03\xd8\
\x03\x8c\xa5Au\x9f\x15n\xb6>\x8a\xf5X\xfee\x90\
\xd4n\x83\xc0~\xe0\xab4\xa0|0\xe1fk6\x8e\
{.\xc4\xd2zIj\x87\xa9\xb8\x82\xf8\xa9W\x10\xf3\
\xcb#\xe5\xec\x8d\x00\x1b\x80\x97\x81\x8diP\x92\x9a\xd0\
\x07\xbc\xee\xbb\xdb|\xb3\xc2\xcd\xdeR\x1c\xfb\x9c\x8ew\
\xba\x92\xd4\x8a{Q\xdd^s^r\xbeY\xe1vG\
-\x1a\x1cz\x80-6PIj\xd2b,\x95\x7f\xd7\
!\x17\xf9g\x85\xdb=\x1f\x02\x1f\xc4%uIj\xc6\
Pt%;/\xb9\x00L\xb8\xddS\x8bc\xa0\xcb6\
9Hj\xc2L4a^\x8c\x133\xe5\x9c\x09\xb7\xbb\
\x9cw*\xa9Y\xcei/\x18\x13nw-\xc4\xbe\xca\
\xb3\xf1\xb4*I\x8d\x18\x8by\xc9C\xceK.\x0e\x9b\
\xa6\xbao\x22\x1e|\xeas\x96m\xa0\x92\xb4\x9a%\xe0\
\x00\xf0\x16p7\x0d*\xbf\xacp\xf3\xe1(p2\xf6\
\xe7J\xd2jnDg\xf2\xcd4\xa0|\xb3\xc2\xcd\x87\
'1)\xa6>g\xd9\x07!I+\x99\x03\xde\x04\xf6\
y\xc3\xa1x\xfc\xc2\x9e\x1fg\x80#\xc0h\x1a\x90\xa4\
p\x098\x18\xc3.T0&\xdc\xfc\x98\x03v\x01\xe7\
b\xe6\xb2$-7\x19\x03.>\x8b\x86K\x15\x8cG\
\xca\xf92\x0a\xac\x8f\xa3\xe5MiPR\xa5\xbd\x0fl\
\xf7\xddmqY\xe1\xe6\xcf\xa1X\xe3WK\x03\x92*\
\xebN\x0c\xca\xb9\x9e\x06T\x1cV\xb8\xf93\x1dMT\
=\xc0V\xaf\x09I\x957\x1fG\xc9;\xed\xf1(6\
+\xdc|:\x05\x1c\x07\xc6\xd3\x80\xa4\xca\xb9\x0a\xec\x8d\
*W\x05f\xc2\xcd\xa7\xc71#u\xc0\x19\xa9R\xa5\
M\xc7Q\xf2\x803\xd7\x8b\xcf\x84\x9b_\x97b\x9a\x8c\
\xed\xffRuy]\xb0DL\xb8\xf9\xb5\x18\x97\xdb?\
\x8e\x8aWR\xb5\x8c\xc4\xbc\xe4/\x5c,_\x0e6M\
\xe5\xdbd$\xde\x1e`\xb3\x0dTRe,\xc6b\x93\
w<\xe5*\x0f+\xdc\xfc;\x01\xf4\x01\x8f\xd2\x80\xa4\
\xd2\x1a\x06v\xbbX\xbe\x5cL\xb8\xf97\x19M\x13\x83\
6MH\x950\x1b\xc9\xf6\xbcS\xe7\xca\xc5\x84[\x0c\
.\x9a\x96\xaa\xe3|\x0c\xc0\xb9\x9f\x06Tl&\xdcb\
\x98\x8f'\xde\xfe\x18\x8a!\xa9\x9c\x1eF\xa3\xd4U\x17\
\xcb\x97\x8fMS\xc51\x0e\xac[\xb6\xa8^R\xb9,\
\xc5I\xd6\xcf\x80\xdbiP\xc5g\x85[,\xbd1\x85\
j*\x0dH*\xbc[1\xf0\xe6F\x1aP9X\xe1\
\x16\xcbLL\x9e\xa9/\xaa\xf7\x9a\x90T\x0e\xf3\xc0\x8e\
xu4\x96\x06U\x0eV\xb8\xc5\xf3\x11p\xcc\xbf\x94\
R\xa9\x0c\xc6\xa0\x9b\xaf\xd2\x80\xca\xc3\x84[<\xb3q\
\xect!\x96\xd6K*\xb6Zl\x03\xfa\xd4\xab\x7f\xe5\
\xe6\x91r1\x8d\x00\x1b\x80\x97\x81\x8diPR\xa1\xf4\
\x01\xaf\xf9\xee\xb6\xfc\xacp\x8bi\x09\xd8\x0f\x9c\x8ew\
\xba\x92\x8a\xe9^T\xb7\xd7\x9c\x97\x5c~V\xb8\xc5U\
\x8b\xd5}=\xc0\x16\x1b\xa8\xa4\xc2Y\x8c\xa5\xf2\xef:\
\xe4\xa2\x1a\xacp\x8b\xedC\xe0\x83\xb8,/\xa9X\x86\
\x80=\xceK\xae\x0e\x13n\xb1\xd5b\xce\xf2e\x9b-\
\xa4B\x99\x89\xe6\xc7\x8bqR\xa5\x0a0\xe1\x16\x9fs\
W\xa5\xe2q>z\x05\x99p\x8bo!\xf6f\x9e\x8d\
\xa7fI\xf96\x16\xf3\x92\x87\x9c\x97\x5c-6M\x95\
\xc3D<<\xd5\xe7,\xdb@%\xe5\xd3\x12p\x00x\
\x0b\xb8\x9b\x06UnV\xb8\xe5q\x148\x19\xfbs%\
\xe5\xd3\x8d\xe8L\xbe\x99\x06T~V\xb8\xe5\xf1$\x96\
\x1a\xd4\xe7,\xfb0%\xe5\xcb\x1c\xf0f\x8cp\xf4f\
A\x05\xf9E\xb9\x5c\xce\x00G\x80\xd14 \xa9\xeb.\
\x01\x07c\xd8\x85*\xc8\x84[.s\xc0.\xe0\x5c\xcc\
\x5c\x96\x94\x0f\x931\xe0\xe2\xb3htT\x05y\xa4\x5c\
>\xa3\xc0\xfa8Z\xde\x94\x06%u\xc5\xfb\xc0v\xdf\
\xddV\x9b\x15n9\x1d\x8a5~\xb54 )sw\
c@\xcd\xf54\xa0j\xb1\xc2-\xa7\xe9h\xa2\xea\x01\
\xb6zMH\xea\x9a\x858J\xde\xe9\x90\x0bY\xe1\x96\
\xd7)\xe080\x9e\x06$e\xe6\x0a\xb0\x17\xb8\x93\x06\
T=&\xdc\xf2z\x1c\xb3Z/9\xabU\xea\x8a\xe9\
\xf8;8\xe0\xdfA\xe1\x91r\xe9=\x00^\x00^\x8a\
o%e\xe7\xd7\xc0\xab\xc0p\x1aP5Y\xe1\x96\xdb\
b\x5c\xb2?\x13\x15\xaf\xa4l\x8c\xc4\xbc\xe4\xcf],\
\xaf:+\xdc\xf2\x9b\x8c\xc4\xdb\x03l\xb6\x81J\xea\xb8\
\xc5X(\xf2\x8eC.\xb4\x9c\x15n5\x9c\x00\xfa\x80\
Gi@R\xdb\x0d\x03\xbb],\xaf\x94\x09\xb7\x1a&\
\xe3\x1e\xe0\xa0\x8b\xea\xa5\x8e\x9a\x8dd{\xdeioJ\
\x99p\xab\xc3\x85\xd7R\xe7\x9d\x8f\xc13\xf7\xd3\x80d\
\xc2\xad\x8e\xf9x\xf2\xee\x8f\xa1\x18\x92\xda\xeba4J\
]u\xb1\xbcVb\xd3T\xb5\x8c\x03\xeb\x96-\xaa\x97\
\xd4\x1eKq\x82\xf43\xe0v\x1a\x94\xb0\xc2\xad\xa4\xde\
\x98B5\x95\x06$5\xedV\x0c\xb9\xb8\x91\x06\xa4:\
+\xdc\xea\x99\x89\x098\xf5E\xf5^\x13\x92Z3\x0f\
\xec\x88W6ciP\xaa\xb3\xc2\xad\xa6\x8f\x80c~\
q\x90\xdab0\x06\xcc|\x95\x06\xa4\xe5L\xb8\xd54\
\x1b\xc7_\x17bi\xbd\xa4\xe6\xd4b\x1b\xd0\xa7^\xb9\
\xd3\xf3x\xa4\x5c]#\xc0\x06\xe0e`c\x1a\x94\xd4\
\x90>\xe05\xdf\xdd\xaa\x11V\xb8\xd5\xb5\x04\xec\x07N\
\xc7;]Iks/\xaa\xdbk\xceKV#\xacp\
\xab\xad\x16k\xc3z\x80-6PI\x0d[\x8c\xa5\xf2\
\xef:\xe4B\x8d\xb2\xc2U_\xccZ~\x98\x06$=\
\xd3\x10\xb0\xc7y\xc9Z\x0b\x13\xae\xeaK\xb2/\xdb\xf4\
!5d&\xaa\xdbK.\x96\xd7Z\x98p\x85\xf3_\
\xa55\xe9\x07\x0e\x03\x0f\xd2\x80\xb4\x1a\x13\xae\x00\x16b\
\x7f\xe7\xd9xz\x97\xb4\xb2\xb1\x98\x97<\xe4\xbcd\xad\
\x95MS\xaa\x9b\x88\x07\xb0\xfa\x9ce\x1b\xa8\xa4\xa7-\
\x01\x07\x80\xb7\x80\xbbiPz\x1e+\x5c-w\x148\
\x19\xfbs%=\xedF\xbc\xbb\xbd\x99\x06\xa4FX\xe1\
j\xb9'\xb1\xd4\xa0>g\xd9\x072\xe9\x1bs\xc0\x9b\
1\xc2\xd1\x8e~5\xc5/\xa8J\x9d\x01\x8e\x00\xa3i\
@\xaa\xb0K\xc0\xc1\x18v!5\xc5\x84\xab\xd4\x1c\xb0\
\x0b8\x173\x97\xa5\xaa\x9b\x8c\x01\x17\x9fE\x83\xa1\xd4\
\x14\x8f\x94\xb5\x92Q`}\x1c-oJ\x83R\xc5\xbc\
\x0fl\xf7\xdd\xadZe\x85\xabg9\x14k\xfcji\
@\xaa\x90\xbb\xc0/\x81\xebi@Z++\x5c=\xcb\
t4Q\xf5\x00[\xbd&\xa4\x0aZ\x88\xa3\xe4\x9d\xb1\
]Kj\x89\x15\xaeVs\x0a8\x0e\x8c\xa7\x01\xa9\x02\
\xae\x00{\x81;i@j\x86\x09W\xaby\x1c\xc7i\
\xce\x8cU\xd5<\x8e\x19\xe3\x03\xfe\xd9W\xbbx\xa4\xac\
\xe7y\x00\xbc\x00\xbc\x14\xdfJUp\x0ax\x15\x18N\
\x03R\xb3\xacp\xf5<\x8bq\xd9\xffL<\xf5Ke\
7\x12\xefn?w\xb1\xbc\xda\xc9\x0aW\x8d\x98\x8c\xc4\
\xdb\x03l\xb6\x81J%\xb6\x14\x8b<~\xee\x90\x0b\xb5\
\x9b\x15\xae\x1au\x22\x96\xd5?J\x03R\x89\x0c\x03\xbb\
],\xafN\xb0\xc2U\xa3fc\xa3\xd06\xe0E\x1f\
\xd6TB\xb3\xc0\x1b\xb1\x11h\x22\x0dJ\xad\xf2\x8b\xa6\
\xd6\xa2\x1f\xe8\xf5N\xa2J\xea|\x0c|\xb9\x9f\x06\xa4\
v0\xe1j-\xe6\xe3\xb8\xad?\x86bHe\xf10\
\x16\xcb_u\xb1\xbc:\xc5#e\xad\xd58\xb0n\xd9\
\xa2z\xa9\xe8\x96\xe2\xe4\xe6g\xc0\xed4(\xb5\x8b\x15\
\xae\x9a\xd1\x1b\xf7\x14\xa7\xd2\x80T@\xb7b\xc8\xc5\x8d\
4 \xb5\x93\x15\xae\x9a1\x13\xb3\x96\xeb\x8b\xea\xbd&\
\xa4\xa2\x9a\x07v\xc4\xab\x92\xb14(\xb5\x93\x15\xae\x9a\
\xf5\x11p\xcc/R*\xb8\xc1\x18\xec\xf2U\x1a\x90\xda\
\xcd\x84\xabf\xcd\xc61\xdc\x85XZ/\x15M-&\
J}\x1a\x95\xae\xd4Q\x1e)\xab\x15#\xc0\x06\xe0e\
`c\x1a\x94r\xae\x0fx\xcdw\xb7\xca\x8a\x15\xaeZ\
\xb1\x04\xec\x07N\xc7;]\xa9(\xeeEu{\xcdy\
\xc9\xca\x8a\x15\xaeZU\x8b\xf5e=\xc0\x16\x1b\xa8T\
\x00\x8b\xb1T\xfe]\x87\x5c(KV\xb8j\x87\xbe\x98\
\xb5\xfc0\x0dH94\x04\xecq^\xb2\xb2f\xc2U\
;LG\x03\xd5e\x9bO\x94s3Q\xdd^r\xb1\
\xbc\xb2f\xc2U\xbb8\x87VE\xd0\x0f\x1c\x06\x1e\xa4\
\x01\xa9\xd3L\xb8j\x97\x85\xd8#z6\xaa\x08)o\
\xc6\xe2\xbd\xed\x90\xf3\x92\xd5\x0d6M\xa9\x9d&\xe2!\
\xae>g\xd9\x06*\xe5\xc5\x12p\x10x\x13\xb8\x9b\x06\
\xa5,X\xe1\xaa\xdd\x8e\x02'\x81\xc94 u\xd1\x8d\
xw{3\x0dHY\xb1\xc2U\xbb=\x89\xa5\x06\xf5\
9\xcb>\xd4\xa9\xdb\xe6\xa2\xb2\xddk'\xbd\xba\xc9/\
\x86\xea\x843\xc0\x11`4\x0dH]p)\x8e\x93\xef\
\xa5\x01)K&\x5cu\xc2\x1c\xb0\x0b8\x173\x97\xa5\
n\x99\x8cF\xa9\xcf\xa2\xb1O\xea\x1a\x8f\x94\xd5)\xa3\
\xc0\xfa8Z\xde\x94\x06\xa5\x8c\xbc\x0fl\xf7\xdd\xad\xf2\
\xc0\x0aW\x9dt(\xd6\xf8\xd5\xd2\x80\x94\x81\xbb\xc0/\
\x81\xebi@\xea\x06+\x5cu\xd2t4Q\xf5\x00[\
\xbd&\xa4\x0c-\xc4Q\xf2\xce\xd8j%u\x9d\x15\xae\
:\xed\x14p\x1c\x18O\x03R\x07]\x89\xae\xe4;i\
@\xea\x16\x13\xae:\xedq\x1c\xeb9\xbbVYy\x1c\
\xb3\xbd\x07\xfc3\xa7<\xf1HYYx\x00\xbc\x00\xbc\
\x14\xdfJ\x9dt\x0ax\x15\x18N\x03R7Y\xe1*\
\x0b\x8b\xc0\xbe\xb8\x9f\xfb8\x0dJm4\x12\xefn?\
w\xb1\xbc\xf2\xc6\x0aWY\x99\x8c\xc4\xdb\x03l\xb6\x81\
J\x1d\xb0\x14\x0b4~\xee\x90\x0b\xe5\x91\x15\xae\xb2t\
\x22\x96\xd5?J\x03R\x1b\x0c\x03\xbb],\xaf\xbc\xb2\
\xc2U\x96fc\xa3\xd06\xe0E\x1f\xf8\xd4F\xb3\xc0\
\x1b\xc0\x81\xf83&\xe5\x8e_\xf0\x94\xb5~\xa0\xd7\xbb\
\x91j\xb3\xf3\xc0{\xc0\xfd4 \xe5\x85\x09WY\x9b\
\x8fc\xbf\xfe\x18\x8a!\xb5j\x22\x1a\xa5\xae\xb8X^\
y\xe6\x91\xb2\xbaa\x1cX\xb7lQ\xbd\xd4\x8a^\xe0\
\xa7\xc0\xed4 \xe5\x89\x15\xae\xba\xa57\xeeKN\xa5\
\x01i\x0dn\xc5`\x95\x1bi@\xca\x1b+\x5cu\xcb\
L\xccZ\xae/\xaa\xf7\x9a\x90\xd6j\x1e\xd8\x11\xaf(\
\xc6\xd2\xa0\x947V\xb8\xea\xa6\x8f\x80c~\xb1T\x93\
\x06c\xa0\xcaWi@\xca#\x13\xae\xbai6f\xde\
^\x88\xa5\xf5R\xa3j\xd1(\xf5iT\xbaR\xeey\
\xa4\xacn\x1b\x016\x00/\x03\x1b\xd3\xa0\xf4\x0c}\xc0\
k\xbe\xbbU\x91X\xe1\xaa\xdb\x96\x80\xfd\xc0\xe9x\xa7\
+=\xcf\xbd\xa8n\xaf9/YEb\x85\xab<\xa8\
\xc5\x1a\xb5\x1e`\x8b\x0dTZ\xc5b,\x95\x7f\xd7!\
\x17*\x1a+\x5c\xe5E_\xccZ~\x98\x06\xa4e\x86\
\x80=\xceKV\x11\x99p\x95\x17\xd3\xd1@u\xd9&\
\x18=\xc3LT\xb7\x97\x5c,\xaf\x222\xe1*O\xce\
\x03\x87<*\xd43\xf4\x03\x87\x81\x07i@*\x02\x13\
\xae\xf2d!\xf6\x99\x9e\x8djF\xaa\x1b\x8b\xf7\xb6C\
\xceKVQ\xd94\xa5\xbc\x99\x88\x07\xc1\xfa\x9ce\x1b\
\xa8\xb4\x04\x1c\x04\xde\x04\xee\xa6A\xa9(\xacp\x95G\
G\x81\x93\xc0d\x1aP%\xdd\x88w\xb77\xd3\x80T\
$V\xb8\xca\xa3'\xb1\xd4\xa0>g\xd9\x07\xc3\xea\x9a\
\x03\xde\x02\xf6\xda\xc1\xae\xa2\xf3\x0b\x99\xf2\xea\x0cp\x04\
\x18M\x03\xaa\x94\x01\xe0@\x0c\xbb\x90\x0a\xcd\x84\xab\xbc\
\x9a\x03v\x01\xe7b\xe6\xb2\xaag2\x1a\xa5>\x8b\x86\
:\xa9\xd0<RV\x9e\x8d\x02\xeb\xe3hyS\x1aT\
\xe9\x1d\x03\xb6\x03_\xa6\x01\xa9\x88\xacp\x95w\x87b\
\x8d_-\x0d\xa8\xd4\xee\xc6b\xf9ki@**+\
\x5c\xe5\xddt4Q\xf5\x00[\xbd&T\x09\x0bq\x94\
\xbc3\xb6II\xa5`\x85\xab\x22\xf8\xb38^\x1cO\
\x03*\xa5+\xd1\x95|'\x0dHEf\xc2U\x11\xcc\
\xc4\x9ceg\xe8\x96\xdf\xe3\xf8\x7f=\xe0\xffk\x95\x8d\
G\xca*\x8a\x07\xc0\x0b\xc0K\xf1\xad\xca\xe9\x14\xf0*\
0\x9c\x06\xa4\xa2\xb3\xc2UQ,\x02\xfb\xe2~\xee\xe3\
4\xa8R\x18\x89w\xb7\x9f\xbbX^ed\x85\xab\x22\
\x99\x8c\xc4\xdb\x03l\xb6\x81\xaaT\x96bq\xc5\xcf\x1d\
r\xa1\xb2\xb2\xc2U\xd1\x9c\x88e\xf5\x8f\xd2\x80\x0am\
\x18\xd8\xedby\x95\x99\x15\xae\x8af66\x0am\x03\
^\xf4\xa1\xb1\x14f\x817b\x84\xe3D\x1a\x94\xca\xc2\
/V*\xa2~\xa0\xd7;\x9a\xa5q\x1ex\x0f\xb8\x9f\
\x06\xa421\xe1\xaa\x88\xe6\xe3\xf8\xb1?\x86b\xa8\xb8\
&\xa2Q\xea\x8a\x8b\xe5Uv\x1e)\xab\xa8\xc6\x81u\
\xcb\x16\xd5\xab\x98z\x81\x9f\x02\xb7\xd3\x80T6V\xb8\
*\xb2\xde\xb8\xb79\x95\x06T\x08\xb7b\xc8\xc5\x8d4\
 \x95\x91\x15\xae\x8al&f-\xd7\x17\xd5{M\xa8\
8\xe6\x81\x1d\xc0\x1e`,\x0dJed\x85\xab\xa2\xfb\
(\xe6,\xfbE\xbbX\x06\x81\xfd\xb1\x15H\xaa\x04\x13\
\xae\x8an6\x8e%/\xc4\xd2z\xe5_-V\xef\x0d\
F\xa5+U\x82G\xca*\x83\x11\xe0Gq7wc\
\x1aT\xee\xf4\x01\xaf\xfb\xeeVUc\x85\xab2X\x8a\
\xa1\x09\xa7\xe3\x9d\xae\xf2\xeb^\x5c\x03\x1av^\xb2\xaa\
\xc6\x0aWeQ\x8bun=\xc0\x16\x1b\xa8ri1\
\x96\xca\xbf\xeb\x90\x0bU\x91\x15\xae\xca\xa4/f-?\
L\x03\xca\x85\xa1\xe8Jv^\xb2*\xc9\x84\xab2\x99\
\x8e\x06\xaa\xcb6\xe3\xe4\xceLT\xb7\x97\x5c,\xaf\xaa\
2\xe1\xaal\xce\x03\x87<\xb2\xcc\x9d~\xe00\xf0 \
\x0dHUa\xc2U\xd9,\xc4^\xd5\xb3QU\xa9\xfb\
\xc6\xe2\xbd\xed\x90\xf3\x92Ue6M\xa9\x8c&\xe2a\
\xb2>g\xd9\x06\xaa\xeeY\x02\x0e\x02o:\xe4BU\
g\x85\xab\xb2:\x0a\x9c\x04&\xd3\x802u#\xde\xdd\
\xdeL\x03R\xd5X\xe1\xaa\xac\x9e\xc4R\x83\xfa\x9ce\
\x1f.\xb37\x07\xbc\x05\xec\xb5s\x5c\xf2\x8b\x90\xca\xed\
\x0cp\x04\x18M\x03\xca\xc4@\x0c$\xb9\x97\x06\xa4*\
2\xe1\xaa\xcc\xe6\x80]\xc0\xb9\x98\xb9\xac\xecLF\xa3\
\xd4g\xd1\xc8&U\x9eG\xca*\xbbQ`}\x1c-\
oJ\x83\xea\x98c\xc0v\xe0\xcb4 U\x95\x15\xae\
\xaa\xe0P\xac\xf1\xab\xa5\x01u\xc4\xdd\xd8\x06t-\x0d\
HUf\x85\xab*\x98\x8e&\xaa\x1e`\xab\xd7\x84:\
j!\x8e\x92w\xc6\x16'I\xc1\x0aWU\xf1gq\
\xcc9\x9e\x06\xd4VW\xa3+\xf9N\x1a\x90\xaa\xce\x84\
\xab\xaa\x98\x899\xcb\xce\xf2\xed\x9c\xc7q\x94<\xe0\x7f\
c\xe9\xfb<RV\x95<\x00^\x00^\x8ao\xd5^\
\xa7\x80Wc\xd7\xad\xa4\x84\x15\xae\xaad\x11\xd8\x17\xf7\
s\x1f\xa7A\xb5d$\xde\xdd~\xeebyieV\
\xb8\xaa\x9a\xc9H\xbc=\xc0f\x1b\xa8\xdab)\x16F\
\xfc\xdc!\x17\xd2\xb3Y\xe1\xaa\x8aN\xc4\xb2\xfaGi\
@M\x19\x06v\xbbX^Z\x9d\x15\xae\xaah66\
\x0am\x03^\xf4\xc1\xb3%\xb3\xc0\x1b1\xc2q\x22\x0d\
J\xfa\x8e_hTU\xfd@\xafwE[v\x1ex\
\x0f\xb8\x9f\x06$=\xcd\x84\xab\xaa\x9a\x8fc\xd0\xfe\x18\
\x8a\xa1\xb5\x9b\x88F\xa9+.\x96\x97\x9e\xcf#eU\
\xd98\xb0n\xd9\xa2z\xadM/\xf0S\xe0v\x1a\x90\
\xf4}V\xb8\xaa\xba\xde\xb8?:\x95\x06\xb4\xaa[1\
H\xe4F\x1a\x90\xb42+\x5cU\xddL\xccZ\xae/\
\xaa\xf7\x9a\xd0\xf3\xcd\x03;\x80=\xc0X\x1a\x94\xb42\
+\x5c\xe9\x9bMB\xc7L\x1e\x0d\x1b\x04\xf6\xc7V \
I\x0d2\xe1J\xdf\x5cm\xf9S\xe0B,\xad\xd7\xb3\
\xd5b^\xf2`T\xba\x92\x1a\xe4\x91\xb2\xf4\x8d\x11\xe0\
Gq7wc\x1a\xd4\xb7>\x04^\xf3\xdd\xad\xb4v\
V\xb8\xd27\x96bx\xc3\xe9x\xa7\xab\xef\xbb\x1f\xd7\
\x80\x86\x9d\x97,\xad\x9d\x15\xae\xf4\x9dZ\xac\x95\xeb\x01\
\xb6\xd8@\xf5\x94E`\x17\xf0\x0b\x87\x5cH\xcd\xb1\xc2\
\x95\x9e\xd6\x17\xb3\x96\x1f\xa6\x81\x8a\x1b\x8a\xaed\xef\xdc\
JM2\xe1JO\x9b\x8e\x06\xaa\xcb6\x05}\xeb\x09\
\xb0\x13\xb8hS\x99\xd4<\x13\xae\xf4}\xe7\x81C\x1e\
\x9d~\xab\x1f8\x0c<H\x03\x92\x1ag\xc2\x95\xbeo\
!\xf6\xbb\x9e\x8d\xc1\x18U6\x16\xefm\x87\x9c\x97,\
\xb5\xc6\xa6)ie\x13\xf1@Z\x9f\xb3\x5c\xc5\x06\xaa\
%\xe0 \xf0\xa6C.\xa4\xd6Y\xe1J\xcfv\x148\
\x09L\xa6\x81\x8a\xb8\x11\xefno\xa6\x01Ikg\x85\
+=\xdb\x93XjP\x9f\xb3\x5c\xa5\x07\xd49\xe0-\
`\xaf\x1d\xdbR{T\xe9\x0b\x88\xd4\x8c3\xc0\x11`\
4\x0d\x94\xdc@\x0c\x02\xb9\x97\x06$5\xc7\x84+\xad\
n.\x06>\x9c\x8b\x99\xcbU0\x19\x13\xa5>\x8b\x06\
2Im\xe0\x91\xb2\xf4|\xa3\xc0\xfa8Z\xde\x94\x06\
K\xe8\x18\xb0\x1d\xf82\x0dHj\x9e\x15\xae\xd4\x98C\
\xc0\xafc\xfcc\x99\xdd\x8dm@\xd7\xd2\x80\xa4\xd6X\
\xe1J\x8d\x99\x8e;\xb9=\xc0\xd6\x92^\x13Z\x88\xa3\
\xe4\x9d\xb1=IR\x1bY\xe1J\x8d;\x15\xc7\xad\xe3\
i\xa0$\xaeFW\xf2\x9d4 \xa9u&\x5c\xa9q\
31g\xf9Rl\x15*\x93\xc7q\x94<P\xc2\x7f\
7)\x17L\xb8\xd2\xda\x0c\xc4\xf4\xa5\xaf\xd2@\xc1\xd5\
\xaf?y\x94,u\x88\x09WZ\x9bE`_$\xa8\
\xc7i\xb0\xa0Fb^\xf2\xe7.\x96\x97:\xc7\xa6)\
i\xed&#\xf1\xf6\x00\x9b\x0b\xde@\xb5\x14\xefmw\
8\xe4B\xea,+\x5c\xa99'bY\xfd\xa34P\
0\xc31\xd8\xe3V\x1a\x90\xd4^V\xb8Rsfc\
\xa3\xd06\xe0\xc5\x82>\xbc\xce\x02?\x8d\x11\x8e\x13i\
PR{\x15\xf1\x8b\x84\x94\x17\xfd@o\x81\x1b\x8d\xce\
\xc7@\x0f\x8f\x92\xa5\x0c\x98p\xa5\xe6\xcd\x03\xbb#\xf1\
>I\x8397\x11C.\xae\xb8X^\xca\x86G\xca\
Rk\xc6\x81u\xcb\x16\xd5\x17Eo\x1c'\xdfN\x03\
\x92$\xe5\xd5\x8f\x817\xa2{y\xa9\x00\x9f\x9b\xc0\xef\
\xc7B\x06I\x19\xb1\xc2\x95Z7\x13\xb3\x96\xeb\x8b\xea\
\xf3|Mh>\xae\x00\xed\x01\xc6\xd2\xa0\xa4\xce\xf1\x1d\
\xae\xd4\x1e\x1f\x01\xef\x17`Q\xfd \xb0?\xb6\x02I\
\xca\x90\x09Wj\x8f\xd9\xd8\xb2s!\x96\xd6\xe7Q-\
\xe6%\x0fF\xa5+IR!\xfd\x00\xf8c\xe0\xfa\x0a\
\xefM\xf3\xf09\x1a\xf7\x86\xf3|\xe4-IRC~\
\x12s\x89k+$\xbcn~\xee\x01\x7f\x08lH\x7f\
\xc3\x92\xb2a\xd3\x94\xd4^\xb5Xo\xd7\x03l\xc9I\
5\xb9\x18\xe3\x1b\x7f\x01\xdcO\x83\x92$\x15\xd5\x8f\x80\
\xff\x1d]\xc0i\xa5\xd9\x8d\xcf\x15\xe0\x9f\x00\xbf\x99\xfe\
F%e\xc7\xa6)\xa9\xfd\xa6cQ\xfd\xe5\x1c4'\
=\x89f\xae\x8b9n\xe6\x92$\xa9i?\x04\xfeS\
LrJ+\xce,?\xa7\x80\xbf\xeb\xc3\xb5$\xa9\xcc\
~\x07\xf8U,\xaaO\x13a\x16\x9f1\xe0\x8f\x80\x17\
\xd2\xdf\x98$Ie\xf3\xaf\x96-\x08H\x13b'?\
\x8bq\xe7\xf6o\xa6\xbf!I\x92\xcah#\xf0jl\
\xe7I\x93b'?\xd7\x81\x7f\x0e\xfc\xf9\xf47$\xa9\
;\xbc\x16$u\xd6\x13`j\xd9\x9c\xe5,\xde\xa5\xce\
\x01o\x02\xfbb\x9b\x91$I\x95\xf0\x9b\xc0\x7f\x8b\xe1\
\x13i%\xda\x89O?\xf0\xf7}\xa0\x96$U\xd1\xdf\
\x02\x0eG\xc5\x9b&\xc8v~\x1e\x01\xff\x01\xf8K\xe9\
o@\x92\xa4\xaa\xf8\xb7\xc0\xf0\x0aI\xb2\x9d\x9f\x83\xc0\
\xef\xa5\xbf\xb0$IU\xb2\x05x+\xde\xe9\xa6\x89\xb2\
\x1d\x9f;\xc0\x1f\x00\x7f!\xfd\x85%I\xaa\x9a\x7f\x0c\
\x9c\x07\x16VH\x98\xad|\xe6\x81\xff\x17w\x7f%I\
\xaa\xbc\xf5\xc0\xff\x04FVH\x9a\xad|\x06\x81\x7f\x04\
\xacK\x7fAI\x92\xaa\xea\x15\xe0D\x5c\xdfI\x13g\
3\x9fi\xe0\xbf\xc6\x91\xb5$I\x0a\xbf\x01\xfc{\xe0\
\xcb\x15\x92g3\x9f\x0f\x80\xbf\x93\x93U\x80\x92$\xe5\
\xca_\x89->\xd3+$\xd0\xb5|\x1e\x00\xff\x06\xf8\
\xed\xf4\x17\x90$I\xdf\xf8\x17\xf1\xee\xb5\xd99\xcb\x8b\
\xc0\x0e\xe0w\xd3\x9fX\x92$}\xe7/\x02\xff\x17x\
\xb8B2m\xe4\xf39\xf0O\x81\xdfJ\x7fbI\x92\
\xf4\xb4\xbf\x07\xfc\x1a\xf8z\x85\x84\xba\xda\xe7\x09\xf0?\
\x80\x17\xd3\x9fP\x92$}\xdf\x9f\x03\xfe\x0bpw\x85\
\xa4\xba\xda\xe7\xe3H\xd6Y,C\x90$\xa9\x14~\x17\
8\x00\xcc\xac\x90XW\xfa<\x04\xfe\x1d\xb0)\xfd\x89\
$I\xd2\xea\xfe50\xb4Br]\xe9\xf3+\xe0o\
\xa7?\x81$Iz\xbe\x1f\x03o\x00\x93+$\xd8\xe5\
\x9f\x9b\xc0\xef\xc7\xc4*I\x92\xd4\x84\x7f\x08|\xb2\xca\
\x9c\xe5\xaf\x81\xff\x03\xfc\xd5\xf4\x1f\x94$I\x8d\xfb-\
\xe0\xbf\x03\xf7WH\xb6K\xc0\x05\xe0\x1fD\xa3\x95$\
Ij\xc1\xef\x01G\x81\xd9$\xd9N\x01\xff\x19\xf8\xcb\
\xe9? I\x92\xd6\xee\x07\xc0\x1f\x03\xd7\x93\x84{\x14\
\xd8\xe6\xbcdI\x92\xda\xe7'\xc0/\x80Z$\xdb{\
\xc0\x1f\x02\x1b\xd2\x1f(I\x92Z\xf3\xcf\x80K\xd1(\
\xf5\x06\xf07\xd2\x1f \xa9X~\x98~\x87\xa4\x5c\xb8\
\x03\xfc\xb58B~-\x92\xefB\xfa\x83$\x15\x87\x09\
W\xca\xa7\xafc\xa2\xd4\x00p\x0ex\x94\xfe\x00I\x92\
\xd4\x1e?\x04\xd69/Y\x92$I\x92$I\x92$\
I\x92$I\x92$I\x92$I\x92$I\x92$I\
\x92\xd4\xb4\xff\x0fl-\xe4\xbf&\xa2[\x11\x00\x00\x00\
\x00IEND\xaeB`\x82\
"

qt_resource_name = b"\
\x00\x05\
\x00h\x99g\
\x00a\
\x00r\x00r\x00o\x00w\
\x00\x08\
\x0a\x8b\xc6\x83\
\x00s\
\x00t\x00a\x00t\x00u\x00s\x00e\x00s\
\x00\x10\
\x02\xb8\xb4\xa7\
\x00g\
\x00r\x00e\x00e\x00n\x00_\x00c\x00i\x00r\x00c\x00l\x00e\x00.\x00p\x00n\x00g\
\x00\x11\
\x07 \x1a\x87\
\x00y\
\x00e\x00l\x00l\x00o\x00w\x00-\x00c\x00i\x00r\x00c\x00l\x00e\x00.\x00p\x00n\x00g\
\
\x00\x0e\
\x00\xc3\x08\x07\
\x00r\
\x00e\x00d\x00-\x00c\x00i\x00r\x00c\x00l\x00e\x00.\x00p\x00n\x00g\
\x00\x16\
\x07\x07\xdb\x07\
\x00n\
\x00o\x00u\x00n\x00-\x00t\x00r\x00i\x00a\x00n\x00g\x00l\x00e\x00-\x00l\x00e\x00f\
\x00t\x00.\x00p\x00n\x00g\
\x00\x17\
\x00\xff\x07'\
\x00n\
\x00o\x00u\x00n\x00-\x00t\x00r\x00i\x00a\x00n\x00g\x00l\x00e\x00-\x00r\x00i\x00g\
\x00h\x00t\x00.\x00p\x00n\x00g\
\x00\x14\
\x02\xcf\x87\xc7\
\x00n\
\x00o\x00u\x00n\x00-\x00t\x00r\x00i\x00a\x00n\x00g\x00l\x00e\x00-\x00u\x00p\x00.\
\x00p\x00n\x00g\
\x00\x16\
\x0a1\xdc'\
\x00n\
\x00o\x00u\x00n\x00-\x00t\x00r\x00i\x00a\x00n\x00g\x00l\x00e\x00-\x00d\x00o\x00w\
\x00n\x00.\x00p\x00n\x00g\
"

qt_resource_struct = b"\
\x00\x00\x00\x00\x00\x02\x00\x00\x00\x02\x00\x00\x00\x01\
\x00\x00\x00\x00\x00\x00\x00\x00\
\x00\x00\x00\x00\x00\x02\x00\x00\x00\x04\x00\x00\x00\x06\
\x00\x00\x00\x00\x00\x00\x00\x00\
\x00\x00\x00\x10\x00\x02\x00\x00\x00\x03\x00\x00\x00\x03\
\x00\x00\x00\x00\x00\x00\x00\x00\
\x00\x00\x00t\x00\x00\x00\x00\x00\x01\x00\x00T\xb5\
\x00\x00\x01\x9a\xc2\x04@\x0f\
\x00\x00\x00&\x00\x00\x00\x00\x00\x01\x00\x00\x00\x00\
\x00\x00\x01\x9a\xc1\xffgb\
\x00\x00\x00L\x00\x00\x00\x00\x00\x01\x00\x00(;\
\x00\x00\x01\x9a\xc2\x04\x8d\xec\
\x00\x00\x00\xc8\x00\x00\x00\x00\x00\x01\x00\x00\x946\
\x00\x00\x01\x9a\xe6v2\xc8\
\x00\x00\x00\xfc\x00\x00\x00\x00\x00\x01\x00\x00\xa7\x8f\
\x00\x00\x01\x9a\xe6uJ\xae\
\x00\x00\x00\x96\x00\x00\x00\x00\x00\x01\x00\x00\x81\x1e\
\x00\x00\x01\x9a\xe6u\x98\xc9\
\x00\x00\x01*\x00\x00\x00\x00\x00\x01\x00\x00\xcc\x98\
\x00\x00\x01\x9a\xe6u\xe0\xd8\
"

def qInitResources():
    QtCore.qRegisterResourceData(0x03, qt_resource_struct, qt_resource_name, qt_resource_data)

def qCleanupResources():
    QtCore.qUnregisterResourceData(0x03, qt_resource_struct, qt_resource_name, qt_resource_data)

qInitResources()
